,area_name,area_code,job_exp,all,fulltime,parttime,highend,temp
0,台北市中正區,6001001001,1,115,80,32,2,1
1,台北市中正區,6001001001,3,24,22,2,0,0
2,台北市中正區,6001001001,5,3,3,0,0,0
3,台北市中正區,6001001001,10,2,2,0,0,0
4,台北市中正區,6001001001,99,0,0,0,0,0
5,台北市大同區,6001001002,1,35,20,15,0,0
6,台北市大同區,6001001002,3,18,18,0,0,0
7,台北市大同區,6001001002,5,9,9,0,0,0
8,台北市大同區,6001001002,10,7,7,0,0,0
9,台北市大同區,6001001002,99,0,0,0,0,0
10,台北市中山區,6001001003,1,144,109,31,0,4
11,台北市中山區,6001001003,3,71,67,4,0,0
12,台北市中山區,6001001003,5,21,20,1,0,0
13,台北市中山區,6001001003,10,13,13,0,0,0
14,台北市中山區,6001001003,99,1,1,0,0,0
15,台北市松山區,6001001004,1,79,56,22,0,1
16,台北市松山區,6001001004,3,19,18,1,0,0
17,台北市松山區,6001001004,5,15,15,0,0,0
18,台北市松山區,6001001004,10,9,8,1,0,0
19,台北市松山區,6001001004,99,2,2,0,0,0
20,台北市大安區,6001001005,1,134,94,39,0,1
21,台北市大安區,6001001005,3,62,61,1,0,0
22,台北市大安區,6001001005,5,17,17,0,0,0
23,台北市大安區,6001001005,10,20,20,0,0,0
24,台北市大安區,6001001005,99,2,2,0,0,0
25,台北市萬華區,6001001006,1,42,35,7,0,0
26,台北市萬華區,6001001006,3,13,13,0,0,0
27,台北市萬華區,6001001006,5,9,8,1,0,0
28,台北市萬華區,6001001006,10,1,1,0,0,0
29,台北市萬華區,6001001006,99,1,1,0,0,0
30,台北市信義區,6001001007,1,72,61,10,0,1
31,台北市信義區,6001001007,3,38,37,1,0,0
32,台北市信義區,6001001007,5,15,15,0,0,0
33,台北市信義區,6001001007,10,8,8,0,0,0
34,台北市信義區,6001001007,99,1,1,0,0,0
35,台北市士林區,6001001008,1,47,33,14,0,0
36,台北市士林區,6001001008,3,13,13,0,0,0
37,台北市士林區,6001001008,5,7,7,0,0,0
38,台北市士林區,6001001008,10,1,1,0,0,0
39,台北市士林區,6001001008,99,0,0,0,0,0
40,台北市北投區,6001001009,1,17,15,2,0,0
41,台北市北投區,6001001009,3,3,3,0,0,0
42,台北市北投區,6001001009,5,3,3,0,0,0
43,台北市北投區,6001001009,10,0,0,0,0,0
44,台北市北投區,6001001009,99,0,0,0,0,0
45,台北市內湖區,6001001010,1,140,102,35,0,3
46,台北市內湖區,6001001010,3,79,77,0,0,2
47,台北市內湖區,6001001010,5,49,48,1,0,0
48,台北市內湖區,6001001010,10,17,15,0,0,2
49,台北市內湖區,6001001010,99,4,3,0,1,0
50,台北市南港區,6001001011,1,48,41,6,0,1
51,台北市南港區,6001001011,3,13,12,1,0,0
52,台北市南港區,6001001011,5,16,16,0,0,0
53,台北市南港區,6001001011,10,2,2,0,0,0
54,台北市南港區,6001001011,99,0,0,0,0,0
55,台北市文山區,6001001012,1,31,26,5,0,0
56,台北市文山區,6001001012,3,6,6,0,0,0
57,台北市文山區,6001001012,5,1,1,0,0,0
58,台北市文山區,6001001012,10,1,1,0,0,0
59,台北市文山區,6001001012,99,0,0,0,0,0
60,新北市萬里區,6001002001,1,0,0,0,0,0
61,新北市萬里區,6001002001,3,0,0,0,0,0
62,新北市萬里區,6001002001,5,0,0,0,0,0
63,新北市萬里區,6001002001,10,0,0,0,0,0
64,新北市萬里區,6001002001,99,0,0,0,0,0
65,新北市金山區,6001002002,1,0,0,0,0,0
66,新北市金山區,6001002002,3,0,0,0,0,0
67,新北市金山區,6001002002,5,0,0,0,0,0
68,新北市金山區,6001002002,10,0,0,0,0,0
69,新北市金山區,6001002002,99,0,0,0,0,0
70,新北市板橋區,6001002003,1,67,50,16,0,1
71,新北市板橋區,6001002003,3,22,21,1,0,0
72,新北市板橋區,6001002003,5,9,9,0,0,0
73,新北市板橋區,6001002003,10,0,0,0,0,0
74,新北市板橋區,6001002003,99,1,0,0,1,0
75,新北市汐止區,6001002004,1,31,23,7,0,1
76,新北市汐止區,6001002004,3,16,16,0,0,0
77,新北市汐止區,6001002004,5,3,3,0,0,0
78,新北市汐止區,6001002004,10,2,1,1,0,0
79,新北市汐止區,6001002004,99,0,0,0,0,0
80,新北市深坑區,6001002005,1,2,2,0,0,0
81,新北市深坑區,6001002005,3,1,1,0,0,0
82,新北市深坑區,6001002005,5,0,0,0,0,0
83,新北市深坑區,6001002005,10,0,0,0,0,0
84,新北市深坑區,6001002005,99,0,0,0,0,0
85,新北市石碇區,6001002006,1,0,0,0,0,0
86,新北市石碇區,6001002006,3,0,0,0,0,0
87,新北市石碇區,6001002006,5,0,0,0,0,0
88,新北市石碇區,6001002006,10,0,0,0,0,0
89,新北市石碇區,6001002006,99,0,0,0,0,0
90,新北市瑞芳區,6001002007,1,1,1,0,0,0
91,新北市瑞芳區,6001002007,3,0,0,0,0,0
92,新北市瑞芳區,6001002007,5,0,0,0,0,0
93,新北市瑞芳區,6001002007,10,0,0,0,0,0
94,新北市瑞芳區,6001002007,99,0,0,0,0,0
95,新北市平溪區,6001002008,1,0,0,0,0,0
96,新北市平溪區,6001002008,3,0,0,0,0,0
97,新北市平溪區,6001002008,5,0,0,0,0,0
98,新北市平溪區,6001002008,10,0,0,0,0,0
99,新北市平溪區,6001002008,99,0,0,0,0,0
100,新北市雙溪區,6001002009,1,0,0,0,0,0
101,新北市雙溪區,6001002009,3,0,0,0,0,0
102,新北市雙溪區,6001002009,5,0,0,0,0,0
103,新北市雙溪區,6001002009,10,0,0,0,0,0
104,新北市雙溪區,6001002009,99,0,0,0,0,0
105,新北市貢寮區,6001002010,1,2,2,0,0,0
106,新北市貢寮區,6001002010,3,0,0,0,0,0
107,新北市貢寮區,6001002010,5,0,0,0,0,0
108,新北市貢寮區,6001002010,10,0,0,0,0,0
109,新北市貢寮區,6001002010,99,0,0,0,0,0
110,新北市新店區,6001002011,1,64,55,6,0,3
111,新北市新店區,6001002011,3,13,13,0,0,0
112,新北市新店區,6001002011,5,11,10,1,0,0
113,新北市新店區,6001002011,10,5,4,0,1,0
114,新北市新店區,6001002011,99,0,0,0,0,0
115,新北市坪林區,6001002012,1,0,0,0,0,0
116,新北市坪林區,6001002012,3,0,0,0,0,0
117,新北市坪林區,6001002012,5,0,0,0,0,0
118,新北市坪林區,6001002012,10,0,0,0,0,0
119,新北市坪林區,6001002012,99,0,0,0,0,0
120,新北市烏來區,6001002013,1,0,0,0,0,0
121,新北市烏來區,6001002013,3,0,0,0,0,0
122,新北市烏來區,6001002013,5,0,0,0,0,0
123,新北市烏來區,6001002013,10,0,0,0,0,0
124,新北市烏來區,6001002013,99,0,0,0,0,0
125,新北市永和區,6001002014,1,27,15,12,0,0
126,新北市永和區,6001002014,3,9,9,0,0,0
127,新北市永和區,6001002014,5,2,2,0,0,0
128,新北市永和區,6001002014,10,2,2,0,0,0
129,新北市永和區,6001002014,99,1,1,0,0,0
130,新北市中和區,6001002015,1,55,50,5,0,0
131,新北市中和區,6001002015,3,13,13,0,0,0
132,新北市中和區,6001002015,5,4,4,0,0,0
133,新北市中和區,6001002015,10,0,0,0,0,0
134,新北市中和區,6001002015,99,0,0,0,0,0
135,新北市土城區,6001002016,1,33,21,10,0,2
136,新北市土城區,6001002016,3,9,9,0,0,0
137,新北市土城區,6001002016,5,3,3,0,0,0
138,新北市土城區,6001002016,10,0,0,0,0,0
139,新北市土城區,6001002016,99,0,0,0,0,0
140,新北市三峽區,6001002017,1,18,14,3,0,1
141,新北市三峽區,6001002017,3,2,2,0,0,0
142,新北市三峽區,6001002017,5,1,1,0,0,0
143,新北市三峽區,6001002017,10,0,0,0,0,0
144,新北市三峽區,6001002017,99,0,0,0,0,0
145,新北市樹林區,6001002018,1,32,24,8,0,0
146,新北市樹林區,6001002018,3,8,8,0,0,0
147,新北市樹林區,6001002018,5,1,1,0,0,0
148,新北市樹林區,6001002018,10,0,0,0,0,0
149,新北市樹林區,6001002018,99,0,0,0,0,0
150,新北市鶯歌區,6001002019,1,3,3,0,0,0
151,新北市鶯歌區,6001002019,3,1,1,0,0,0
152,新北市鶯歌區,6001002019,5,0,0,0,0,0
153,新北市鶯歌區,6001002019,10,1,1,0,0,0
154,新北市鶯歌區,6001002019,99,0,0,0,0,0
155,新北市三重區,6001002020,1,61,52,9,0,0
156,新北市三重區,6001002020,3,16,16,0,0,0
157,新北市三重區,6001002020,5,10,10,0,0,0
158,新北市三重區,6001002020,10,4,4,0,0,0
159,新北市三重區,6001002020,99,0,0,0,0,0
160,新北市新莊區,6001002021,1,90,61,26,0,3
161,新北市新莊區,6001002021,3,35,33,2,0,0
162,新北市新莊區,6001002021,5,7,7,0,0,0
163,新北市新莊區,6001002021,10,8,8,0,0,0
164,新北市新莊區,6001002021,99,0,0,0,0,0
165,新北市泰山區,6001002022,1,15,12,3,0,0
166,新北市泰山區,6001002022,3,5,5,0,0,0
167,新北市泰山區,6001002022,5,0,0,0,0,0
168,新北市泰山區,6001002022,10,1,1,0,0,0
169,新北市泰山區,6001002022,99,0,0,0,0,0
170,新北市林口區,6001002023,1,49,39,10,0,0
171,新北市林口區,6001002023,3,19,19,0,0,0
172,新北市林口區,6001002023,5,10,10,0,0,0
173,新北市林口區,6001002023,10,1,1,0,0,0
174,新北市林口區,6001002023,99,1,1,0,0,0
175,新北市蘆洲區,6001002024,1,11,6,5,0,0
176,新北市蘆洲區,6001002024,3,0,0,0,0,0
177,新北市蘆洲區,6001002024,5,0,0,0,0,0
178,新北市蘆洲區,6001002024,10,0,0,0,0,0
179,新北市蘆洲區,6001002024,99,0,0,0,0,0
180,新北市五股區,6001002025,1,23,22,0,0,1
181,新北市五股區,6001002025,3,6,6,0,0,0
182,新北市五股區,6001002025,5,1,1,0,0,0
183,新北市五股區,6001002025,10,1,1,0,0,0
184,新北市五股區,6001002025,99,0,0,0,0,0
185,新北市八里區,6001002026,1,7,7,0,0,0
186,新北市八里區,6001002026,3,1,1,0,0,0
187,新北市八里區,6001002026,5,0,0,0,0,0
188,新北市八里區,6001002026,10,0,0,0,0,0
189,新北市八里區,6001002026,99,0,0,0,0,0
190,新北市淡水區,6001002027,1,28,18,10,0,0
191,新北市淡水區,6001002027,3,1,1,0,0,0
192,新北市淡水區,6001002027,5,0,0,0,0,0
193,新北市淡水區,6001002027,10,0,0,0,0,0
194,新北市淡水區,6001002027,99,0,0,0,0,0
195,新北市三芝區,6001002028,1,3,3,0,0,0
196,新北市三芝區,6001002028,3,0,0,0,0,0
197,新北市三芝區,6001002028,5,0,0,0,0,0
198,新北市三芝區,6001002028,10,0,0,0,0,0
199,新北市三芝區,6001002028,99,0,0,0,0,0
200,新北市石門區,6001002029,1,2,2,0,0,0
201,新北市石門區,6001002029,3,1,1,0,0,0
202,新北市石門區,6001002029,5,1,1,0,0,0
203,新北市石門區,6001002029,10,0,0,0,0,0
204,新北市石門區,6001002029,99,0,0,0,0,0
205,宜蘭縣宜蘭市,6001003001,1,6,5,1,0,0
206,宜蘭縣宜蘭市,6001003001,3,1,1,0,0,0
207,宜蘭縣宜蘭市,6001003001,5,0,0,0,0,0
208,宜蘭縣宜蘭市,6001003001,10,0,0,0,0,0
209,宜蘭縣宜蘭市,6001003001,99,0,0,0,0,0
210,宜蘭縣頭城鎮,6001003002,1,0,0,0,0,0
211,宜蘭縣頭城鎮,6001003002,3,1,1,0,0,0
212,宜蘭縣頭城鎮,6001003002,5,0,0,0,0,0
213,宜蘭縣頭城鎮,6001003002,10,0,0,0,0,0
214,宜蘭縣頭城鎮,6001003002,99,0,0,0,0,0
215,宜蘭縣礁溪鄉,6001003003,1,0,0,0,0,0
216,宜蘭縣礁溪鄉,6001003003,3,0,0,0,0,0
217,宜蘭縣礁溪鄉,6001003003,5,0,0,0,0,0
218,宜蘭縣礁溪鄉,6001003003,10,0,0,0,0,0
219,宜蘭縣礁溪鄉,6001003003,99,0,0,0,0,0
220,宜蘭縣壯圍鄉,6001003004,1,0,0,0,0,0
221,宜蘭縣壯圍鄉,6001003004,3,0,0,0,0,0
222,宜蘭縣壯圍鄉,6001003004,5,0,0,0,0,0
223,宜蘭縣壯圍鄉,6001003004,10,0,0,0,0,0
224,宜蘭縣壯圍鄉,6001003004,99,0,0,0,0,0
225,宜蘭縣員山鄉,6001003005,1,1,1,0,0,0
226,宜蘭縣員山鄉,6001003005,3,0,0,0,0,0
227,宜蘭縣員山鄉,6001003005,5,0,0,0,0,0
228,宜蘭縣員山鄉,6001003005,10,0,0,0,0,0
229,宜蘭縣員山鄉,6001003005,99,0,0,0,0,0
230,宜蘭縣羅東鎮,6001003006,1,7,4,3,0,0
231,宜蘭縣羅東鎮,6001003006,3,0,0,0,0,0
232,宜蘭縣羅東鎮,6001003006,5,1,1,0,0,0
233,宜蘭縣羅東鎮,6001003006,10,0,0,0,0,0
234,宜蘭縣羅東鎮,6001003006,99,0,0,0,0,0
235,宜蘭縣三星鄉,6001003007,1,0,0,0,0,0
236,宜蘭縣三星鄉,6001003007,3,0,0,0,0,0
237,宜蘭縣三星鄉,6001003007,5,0,0,0,0,0
238,宜蘭縣三星鄉,6001003007,10,0,0,0,0,0
239,宜蘭縣三星鄉,6001003007,99,0,0,0,0,0
240,宜蘭縣大同鄉,6001003008,1,0,0,0,0,0
241,宜蘭縣大同鄉,6001003008,3,0,0,0,0,0
242,宜蘭縣大同鄉,6001003008,5,0,0,0,0,0
243,宜蘭縣大同鄉,6001003008,10,0,0,0,0,0
244,宜蘭縣大同鄉,6001003008,99,0,0,0,0,0
245,宜蘭縣五結鄉,6001003009,1,4,3,1,0,0
246,宜蘭縣五結鄉,6001003009,3,1,1,0,0,0
247,宜蘭縣五結鄉,6001003009,5,0,0,0,0,0
248,宜蘭縣五結鄉,6001003009,10,0,0,0,0,0
249,宜蘭縣五結鄉,6001003009,99,0,0,0,0,0
250,宜蘭縣冬山鄉,6001003010,1,5,5,0,0,0
251,宜蘭縣冬山鄉,6001003010,3,1,1,0,0,0
252,宜蘭縣冬山鄉,6001003010,5,2,2,0,0,0
253,宜蘭縣冬山鄉,6001003010,10,0,0,0,0,0
254,宜蘭縣冬山鄉,6001003010,99,0,0,0,0,0
255,宜蘭縣蘇澳鎮,6001003011,1,3,2,1,0,0
256,宜蘭縣蘇澳鎮,6001003011,3,1,1,0,0,0
257,宜蘭縣蘇澳鎮,6001003011,5,0,0,0,0,0
258,宜蘭縣蘇澳鎮,6001003011,10,0,0,0,0,0
259,宜蘭縣蘇澳鎮,6001003011,99,0,0,0,0,0
260,宜蘭縣南澳鄉,6001003012,1,0,0,0,0,0
261,宜蘭縣南澳鄉,6001003012,3,0,0,0,0,0
262,宜蘭縣南澳鄉,6001003012,5,0,0,0,0,0
263,宜蘭縣南澳鄉,6001003012,10,0,0,0,0,0
264,宜蘭縣南澳鄉,6001003012,99,0,0,0,0,0
265,基隆市仁愛區,6001004001,1,10,6,4,0,0
266,基隆市仁愛區,6001004001,3,0,0,0,0,0
267,基隆市仁愛區,6001004001,5,1,0,1,0,0
268,基隆市仁愛區,6001004001,10,0,0,0,0,0
269,基隆市仁愛區,6001004001,99,0,0,0,0,0
270,基隆市信義區,6001004002,1,5,5,0,0,0
271,基隆市信義區,6001004002,3,0,0,0,0,0
272,基隆市信義區,6001004002,5,0,0,0,0,0
273,基隆市信義區,6001004002,10,0,0,0,0,0
274,基隆市信義區,6001004002,99,0,0,0,0,0
275,基隆市中正區,6001004003,1,1,0,0,0,1
276,基隆市中正區,6001004003,3,0,0,0,0,0
277,基隆市中正區,6001004003,5,0,0,0,0,0
278,基隆市中正區,6001004003,10,0,0,0,0,0
279,基隆市中正區,6001004003,99,0,0,0,0,0
280,基隆市中山區,6001004004,1,0,0,0,0,0
281,基隆市中山區,6001004004,3,0,0,0,0,0
282,基隆市中山區,6001004004,5,0,0,0,0,0
283,基隆市中山區,6001004004,10,0,0,0,0,0
284,基隆市中山區,6001004004,99,0,0,0,0,0
285,基隆市安樂區,6001004005,1,10,7,3,0,0
286,基隆市安樂區,6001004005,3,0,0,0,0,0
287,基隆市安樂區,6001004005,5,1,1,0,0,0
288,基隆市安樂區,6001004005,10,0,0,0,0,0
289,基隆市安樂區,6001004005,99,0,0,0,0,0
290,基隆市暖暖區,6001004006,1,0,0,0,0,0
291,基隆市暖暖區,6001004006,3,0,0,0,0,0
292,基隆市暖暖區,6001004006,5,0,0,0,0,0
293,基隆市暖暖區,6001004006,10,0,0,0,0,0
294,基隆市暖暖區,6001004006,99,0,0,0,0,0
295,基隆市七堵區,6001004007,1,1,1,0,0,0
296,基隆市七堵區,6001004007,3,0,0,0,0,0
297,基隆市七堵區,6001004007,5,0,0,0,0,0
298,基隆市七堵區,6001004007,10,0,0,0,0,0
299,基隆市七堵區,6001004007,99,0,0,0,0,0
300,桃園市中壢區,6001005001,1,120,86,29,0,5
301,桃園市中壢區,6001005001,3,34,34,0,0,0
302,桃園市中壢區,6001005001,5,15,15,0,0,0
303,桃園市中壢區,6001005001,10,11,11,0,0,0
304,桃園市中壢區,6001005001,99,0,0,0,0,0
305,桃園市平鎮區,6001005002,1,17,9,5,0,3
306,桃園市平鎮區,6001005002,3,4,4,0,0,0
307,桃園市平鎮區,6001005002,5,3,3,0,0,0
308,桃園市平鎮區,6001005002,10,0,0,0,0,0
309,桃園市平鎮區,6001005002,99,1,1,0,0,0
310,桃園市龍潭區,6001005003,1,20,17,3,0,0
311,桃園市龍潭區,6001005003,3,1,1,0,0,0
312,桃園市龍潭區,6001005003,5,0,0,0,0,0
313,桃園市龍潭區,6001005003,10,0,0,0,0,0
314,桃園市龍潭區,6001005003,99,0,0,0,0,0
315,桃園市楊梅區,6001005004,1,24,20,3,0,1
316,桃園市楊梅區,6001005004,3,6,6,0,0,0
317,桃園市楊梅區,6001005004,5,3,3,0,0,0
318,桃園市楊梅區,6001005004,10,1,0,0,1,0
319,桃園市楊梅區,6001005004,99,0,0,0,0,0
320,桃園市新屋區,6001005005,1,5,4,0,0,1
321,桃園市新屋區,6001005005,3,0,0,0,0,0
322,桃園市新屋區,6001005005,5,1,1,0,0,0
323,桃園市新屋區,6001005005,10,0,0,0,0,0
324,桃園市新屋區,6001005005,99,0,0,0,0,0
325,桃園市觀音區,6001005006,1,30,30,0,0,0
326,桃園市觀音區,6001005006,3,3,3,0,0,0
327,桃園市觀音區,6001005006,5,0,0,0,0,0
328,桃園市觀音區,6001005006,10,1,1,0,0,0
329,桃園市觀音區,6001005006,99,0,0,0,0,0
330,桃園市桃園區,6001005007,1,141,99,38,0,4
331,桃園市桃園區,6001005007,3,25,25,0,0,0
332,桃園市桃園區,6001005007,5,6,6,0,0,0
333,桃園市桃園區,6001005007,10,2,2,0,0,0
334,桃園市桃園區,6001005007,99,0,0,0,0,0
335,桃園市龜山區,6001005008,1,49,36,8,0,5
336,桃園市龜山區,6001005008,3,14,14,0,0,0
337,桃園市龜山區,6001005008,5,16,16,0,0,0
338,桃園市龜山區,6001005008,10,4,4,0,0,0
339,桃園市龜山區,6001005008,99,0,0,0,0,0
340,桃園市八德區,6001005009,1,20,16,4,0,0
341,桃園市八德區,6001005009,3,7,7,0,0,0
342,桃園市八德區,6001005009,5,0,0,0,0,0
343,桃園市八德區,6001005009,10,0,0,0,0,0
344,桃園市八德區,6001005009,99,0,0,0,0,0
345,桃園市大溪區,6001005010,1,17,14,1,0,2
346,桃園市大溪區,6001005010,3,2,2,0,0,0
347,桃園市大溪區,6001005010,5,1,1,0,0,0
348,桃園市大溪區,6001005010,10,0,0,0,0,0
349,桃園市大溪區,6001005010,99,0,0,0,0,0
350,桃園市復興區,6001005011,1,0,0,0,0,0
351,桃園市復興區,6001005011,3,0,0,0,0,0
352,桃園市復興區,6001005011,5,0,0,0,0,0
353,桃園市復興區,6001005011,10,0,0,0,0,0
354,桃園市復興區,6001005011,99,0,0,0,0,0
355,桃園市大園區,6001005012,1,18,16,2,0,0
356,桃園市大園區,6001005012,3,7,6,1,0,0
357,桃園市大園區,6001005012,5,2,2,0,0,0
358,桃園市大園區,6001005012,10,0,0,0,0,0
359,桃園市大園區,6001005012,99,0,0,0,0,0
360,桃園市蘆竹區,6001005013,1,38,28,9,0,1
361,桃園市蘆竹區,6001005013,3,17,17,0,0,0
362,桃園市蘆竹區,6001005013,5,5,5,0,0,0
363,桃園市蘆竹區,6001005013,10,2,2,0,0,0
364,桃園市蘆竹區,6001005013,99,0,0,0,0,0
365,新竹市,6001006001,1,153,114,39,0,0
366,新竹市,6001006001,3,32,29,3,0,0
367,新竹市,6001006001,5,12,12,0,0,0
368,新竹市,6001006001,10,4,4,0,0,0
369,新竹市,6001006001,99,1,1,0,0,0
370,新竹縣竹北市,6001006002,1,42,36,6,0,0
371,新竹縣竹北市,6001006002,3,16,16,0,0,0
372,新竹縣竹北市,6001006002,5,4,4,0,0,0
373,新竹縣竹北市,6001006002,10,6,6,0,0,0
374,新竹縣竹北市,6001006002,99,0,0,0,0,0
375,新竹縣湖口鄉,6001006003,1,18,16,1,0,1
376,新竹縣湖口鄉,6001006003,3,4,4,0,0,0
377,新竹縣湖口鄉,6001006003,5,0,0,0,0,0
378,新竹縣湖口鄉,6001006003,10,0,0,0,0,0
379,新竹縣湖口鄉,6001006003,99,0,0,0,0,0
380,新竹縣新豐鄉,6001006004,1,14,10,3,0,1
381,新竹縣新豐鄉,6001006004,3,1,1,0,0,0
382,新竹縣新豐鄉,6001006004,5,0,0,0,0,0
383,新竹縣新豐鄉,6001006004,10,0,0,0,0,0
384,新竹縣新豐鄉,6001006004,99,0,0,0,0,0
385,新竹縣新埔鎮,6001006005,1,8,6,2,0,0
386,新竹縣新埔鎮,6001006005,3,5,5,0,0,0
387,新竹縣新埔鎮,6001006005,5,5,5,0,0,0
388,新竹縣新埔鎮,6001006005,10,1,1,0,0,0
389,新竹縣新埔鎮,6001006005,99,0,0,0,0,0
390,新竹縣關西鎮,6001006006,1,1,1,0,0,0
391,新竹縣關西鎮,6001006006,3,0,0,0,0,0
392,新竹縣關西鎮,6001006006,5,0,0,0,0,0
393,新竹縣關西鎮,6001006006,10,1,1,0,0,0
394,新竹縣關西鎮,6001006006,99,0,0,0,0,0
395,新竹縣芎林鄉,6001006007,1,1,1,0,0,0
396,新竹縣芎林鄉,6001006007,3,0,0,0,0,0
397,新竹縣芎林鄉,6001006007,5,0,0,0,0,0
398,新竹縣芎林鄉,6001006007,10,0,0,0,0,0
399,新竹縣芎林鄉,6001006007,99,0,0,0,0,0
400,新竹縣寶山鄉,6001006008,1,13,11,2,0,0
401,新竹縣寶山鄉,6001006008,3,2,2,0,0,0
402,新竹縣寶山鄉,6001006008,5,2,2,0,0,0
403,新竹縣寶山鄉,6001006008,10,0,0,0,0,0
404,新竹縣寶山鄉,6001006008,99,0,0,0,0,0
405,新竹縣竹東鎮,6001006009,1,7,5,2,0,0
406,新竹縣竹東鎮,6001006009,3,3,3,0,0,0
407,新竹縣竹東鎮,6001006009,5,0,0,0,0,0
408,新竹縣竹東鎮,6001006009,10,1,1,0,0,0
409,新竹縣竹東鎮,6001006009,99,0,0,0,0,0
410,新竹縣五峰鄉,6001006010,1,0,0,0,0,0
411,新竹縣五峰鄉,6001006010,3,0,0,0,0,0
412,新竹縣五峰鄉,6001006010,5,0,0,0,0,0
413,新竹縣五峰鄉,6001006010,10,0,0,0,0,0
414,新竹縣五峰鄉,6001006010,99,0,0,0,0,0
415,新竹縣橫山鄉,6001006011,1,0,0,0,0,0
416,新竹縣橫山鄉,6001006011,3,0,0,0,0,0
417,新竹縣橫山鄉,6001006011,5,0,0,0,0,0
418,新竹縣橫山鄉,6001006011,10,0,0,0,0,0
419,新竹縣橫山鄉,6001006011,99,0,0,0,0,0
420,新竹縣尖石鄉,6001006012,1,0,0,0,0,0
421,新竹縣尖石鄉,6001006012,3,0,0,0,0,0
422,新竹縣尖石鄉,6001006012,5,0,0,0,0,0
423,新竹縣尖石鄉,6001006012,10,0,0,0,0,0
424,新竹縣尖石鄉,6001006012,99,0,0,0,0,0
425,新竹縣北埔鄉,6001006013,1,0,0,0,0,0
426,新竹縣北埔鄉,6001006013,3,0,0,0,0,0
427,新竹縣北埔鄉,6001006013,5,0,0,0,0,0
428,新竹縣北埔鄉,6001006013,10,0,0,0,0,0
429,新竹縣北埔鄉,6001006013,99,0,0,0,0,0
430,新竹縣峨眉鄉,6001006014,1,0,0,0,0,0
431,新竹縣峨眉鄉,6001006014,3,0,0,0,0,0
432,新竹縣峨眉鄉,6001006014,5,0,0,0,0,0
433,新竹縣峨眉鄉,6001006014,10,0,0,0,0,0
434,新竹縣峨眉鄉,6001006014,99,0,0,0,0,0
435,苗栗縣竹南鎮,6001007001,1,10,6,4,0,0
436,苗栗縣竹南鎮,6001007001,3,0,0,0,0,0
437,苗栗縣竹南鎮,6001007001,5,0,0,0,0,0
438,苗栗縣竹南鎮,6001007001,10,0,0,0,0,0
439,苗栗縣竹南鎮,6001007001,99,0,0,0,0,0
440,苗栗縣頭份市,6001007002,1,14,12,2,0,0
441,苗栗縣頭份市,6001007002,3,3,3,0,0,0
442,苗栗縣頭份市,6001007002,5,1,1,0,0,0
443,苗栗縣頭份市,6001007002,10,0,0,0,0,0
444,苗栗縣頭份市,6001007002,99,0,0,0,0,0
445,苗栗縣三灣鄉,6001007003,1,0,0,0,0,0
446,苗栗縣三灣鄉,6001007003,3,0,0,0,0,0
447,苗栗縣三灣鄉,6001007003,5,0,0,0,0,0
448,苗栗縣三灣鄉,6001007003,10,0,0,0,0,0
449,苗栗縣三灣鄉,6001007003,99,0,0,0,0,0
450,苗栗縣南庄鄉,6001007004,1,0,0,0,0,0
451,苗栗縣南庄鄉,6001007004,3,0,0,0,0,0
452,苗栗縣南庄鄉,6001007004,5,0,0,0,0,0
453,苗栗縣南庄鄉,6001007004,10,0,0,0,0,0
454,苗栗縣南庄鄉,6001007004,99,0,0,0,0,0
455,苗栗縣獅潭鄉,6001007005,1,0,0,0,0,0
456,苗栗縣獅潭鄉,6001007005,3,0,0,0,0,0
457,苗栗縣獅潭鄉,6001007005,5,0,0,0,0,0
458,苗栗縣獅潭鄉,6001007005,10,0,0,0,0,0
459,苗栗縣獅潭鄉,6001007005,99,0,0,0,0,0
460,苗栗縣後龍鎮,6001007006,1,4,2,2,0,0
461,苗栗縣後龍鎮,6001007006,3,6,4,2,0,0
462,苗栗縣後龍鎮,6001007006,5,0,0,0,0,0
463,苗栗縣後龍鎮,6001007006,10,0,0,0,0,0
464,苗栗縣後龍鎮,6001007006,99,0,0,0,0,0
465,苗栗縣通霄鎮,6001007007,1,1,1,0,0,0
466,苗栗縣通霄鎮,6001007007,3,0,0,0,0,0
467,苗栗縣通霄鎮,6001007007,5,0,0,0,0,0
468,苗栗縣通霄鎮,6001007007,10,0,0,0,0,0
469,苗栗縣通霄鎮,6001007007,99,0,0,0,0,0
470,苗栗縣苑裡鎮,6001007008,1,4,3,1,0,0
471,苗栗縣苑裡鎮,6001007008,3,7,7,0,0,0
472,苗栗縣苑裡鎮,6001007008,5,3,3,0,0,0
473,苗栗縣苑裡鎮,6001007008,10,1,1,0,0,0
474,苗栗縣苑裡鎮,6001007008,99,0,0,0,0,0
475,苗栗縣苗栗市,6001007009,1,11,10,1,0,0
476,苗栗縣苗栗市,6001007009,3,3,3,0,0,0
477,苗栗縣苗栗市,6001007009,5,0,0,0,0,0
478,苗栗縣苗栗市,6001007009,10,0,0,0,0,0
479,苗栗縣苗栗市,6001007009,99,0,0,0,0,0
480,苗栗縣造橋鄉,6001007010,1,0,0,0,0,0
481,苗栗縣造橋鄉,6001007010,3,0,0,0,0,0
482,苗栗縣造橋鄉,6001007010,5,0,0,0,0,0
483,苗栗縣造橋鄉,6001007010,10,0,0,0,0,0
484,苗栗縣造橋鄉,6001007010,99,0,0,0,0,0
485,苗栗縣頭屋鄉,6001007011,1,0,0,0,0,0
486,苗栗縣頭屋鄉,6001007011,3,0,0,0,0,0
487,苗栗縣頭屋鄉,6001007011,5,0,0,0,0,0
488,苗栗縣頭屋鄉,6001007011,10,0,0,0,0,0
489,苗栗縣頭屋鄉,6001007011,99,0,0,0,0,0
490,苗栗縣公館鄉,6001007012,1,0,0,0,0,0
491,苗栗縣公館鄉,6001007012,3,0,0,0,0,0
492,苗栗縣公館鄉,6001007012,5,0,0,0,0,0
493,苗栗縣公館鄉,6001007012,10,0,0,0,0,0
494,苗栗縣公館鄉,6001007012,99,0,0,0,0,0
495,苗栗縣大湖鄉,6001007013,1,7,5,2,0,0
496,苗栗縣大湖鄉,6001007013,3,1,1,0,0,0
497,苗栗縣大湖鄉,6001007013,5,2,2,0,0,0
498,苗栗縣大湖鄉,6001007013,10,0,0,0,0,0
499,苗栗縣大湖鄉,6001007013,99,0,0,0,0,0
500,苗栗縣泰安鄉,6001007014,1,0,0,0,0,0
501,苗栗縣泰安鄉,6001007014,3,0,0,0,0,0
502,苗栗縣泰安鄉,6001007014,5,0,0,0,0,0
503,苗栗縣泰安鄉,6001007014,10,0,0,0,0,0
504,苗栗縣泰安鄉,6001007014,99,0,0,0,0,0
505,苗栗縣銅鑼鄉,6001007015,1,9,9,0,0,0
506,苗栗縣銅鑼鄉,6001007015,3,2,2,0,0,0
507,苗栗縣銅鑼鄉,6001007015,5,1,1,0,0,0
508,苗栗縣銅鑼鄉,6001007015,10,1,1,0,0,0
509,苗栗縣銅鑼鄉,6001007015,99,0,0,0,0,0
510,苗栗縣三義鄉,6001007016,1,0,0,0,0,0
511,苗栗縣三義鄉,6001007016,3,0,0,0,0,0
512,苗栗縣三義鄉,6001007016,5,0,0,0,0,0
513,苗栗縣三義鄉,6001007016,10,0,0,0,0,0
514,苗栗縣三義鄉,6001007016,99,0,0,0,0,0
515,苗栗縣西湖鄉,6001007017,1,0,0,0,0,0
516,苗栗縣西湖鄉,6001007017,3,0,0,0,0,0
517,苗栗縣西湖鄉,6001007017,5,0,0,0,0,0
518,苗栗縣西湖鄉,6001007017,10,0,0,0,0,0
519,苗栗縣西湖鄉,6001007017,99,0,0,0,0,0
520,苗栗縣卓蘭鎮,6001007018,1,0,0,0,0,0
521,苗栗縣卓蘭鎮,6001007018,3,0,0,0,0,0
522,苗栗縣卓蘭鎮,6001007018,5,0,0,0,0,0
523,苗栗縣卓蘭鎮,6001007018,10,0,0,0,0,0
524,苗栗縣卓蘭鎮,6001007018,99,0,0,0,0,0
525,台中市中區,6001008001,1,7,6,1,0,0
526,台中市中區,6001008001,3,4,4,0,0,0
527,台中市中區,6001008001,5,2,2,0,0,0
528,台中市中區,6001008001,10,1,1,0,0,0
529,台中市中區,6001008001,99,0,0,0,0,0
530,台中市東區,6001008002,1,10,9,1,0,0
531,台中市東區,6001008002,3,1,1,0,0,0
532,台中市東區,6001008002,5,0,0,0,0,0
533,台中市東區,6001008002,10,0,0,0,0,0
534,台中市東區,6001008002,99,0,0,0,0,0
535,台中市南區,6001008003,1,17,15,2,0,0
536,台中市南區,6001008003,3,7,7,0,0,0
537,台中市南區,6001008003,5,3,3,0,0,0
538,台中市南區,6001008003,10,2,1,1,0,0
539,台中市南區,6001008003,99,0,0,0,0,0
540,台中市西區,6001008004,1,50,41,9,0,0
541,台中市西區,6001008004,3,13,13,0,0,0
542,台中市西區,6001008004,5,7,7,0,0,0
543,台中市西區,6001008004,10,0,0,0,0,0
544,台中市西區,6001008004,99,0,0,0,0,0
545,台中市北區,6001008005,1,57,38,19,0,0
546,台中市北區,6001008005,3,15,15,0,0,0
547,台中市北區,6001008005,5,4,4,0,0,0
548,台中市北區,6001008005,10,0,0,0,0,0
549,台中市北區,6001008005,99,0,0,0,0,0
550,台中市北屯區,6001008006,1,52,44,8,0,0
551,台中市北屯區,6001008006,3,11,11,0,0,0
552,台中市北屯區,6001008006,5,1,1,0,0,0
553,台中市北屯區,6001008006,10,1,1,0,0,0
554,台中市北屯區,6001008006,99,0,0,0,0,0
555,台中市西屯區,6001008007,1,120,104,12,0,4
556,台中市西屯區,6001008007,3,78,73,5,0,0
557,台中市西屯區,6001008007,5,15,15,0,0,0
558,台中市西屯區,6001008007,10,7,7,0,0,0
559,台中市西屯區,6001008007,99,4,4,0,0,0
560,台中市南屯區,6001008008,1,48,41,6,0,1
561,台中市南屯區,6001008008,3,32,30,2,0,0
562,台中市南屯區,6001008008,5,14,14,0,0,0
563,台中市南屯區,6001008008,10,2,2,0,0,0
564,台中市南屯區,6001008008,99,0,0,0,0,0
565,台中市太平區,6001008009,1,36,30,6,0,0
566,台中市太平區,6001008009,3,11,11,0,0,0
567,台中市太平區,6001008009,5,2,2,0,0,0
568,台中市太平區,6001008009,10,1,1,0,0,0
569,台中市太平區,6001008009,99,0,0,0,0,0
570,台中市大里區,6001008010,1,26,22,2,0,2
571,台中市大里區,6001008010,3,15,15,0,0,0
572,台中市大里區,6001008010,5,1,1,0,0,0
573,台中市大里區,6001008010,10,0,0,0,0,0
574,台中市大里區,6001008010,99,0,0,0,0,0
575,台中市霧峰區,6001008011,1,4,3,1,0,0
576,台中市霧峰區,6001008011,3,1,1,0,0,0
577,台中市霧峰區,6001008011,5,0,0,0,0,0
578,台中市霧峰區,6001008011,10,2,2,0,0,0
579,台中市霧峰區,6001008011,99,0,0,0,0,0
580,台中市烏日區,6001008012,1,25,22,3,0,0
581,台中市烏日區,6001008012,3,6,6,0,0,0
582,台中市烏日區,6001008012,5,3,3,0,0,0
583,台中市烏日區,6001008012,10,0,0,0,0,0
584,台中市烏日區,6001008012,99,0,0,0,0,0
585,台中市豐原區,6001008013,1,33,31,2,0,0
586,台中市豐原區,6001008013,3,3,2,1,0,0
587,台中市豐原區,6001008013,5,0,0,0,0,0
588,台中市豐原區,6001008013,10,0,0,0,0,0
589,台中市豐原區,6001008013,99,0,0,0,0,0
590,台中市后里區,6001008014,1,12,10,1,0,1
591,台中市后里區,6001008014,3,1,1,0,0,0
592,台中市后里區,6001008014,5,0,0,0,0,0
593,台中市后里區,6001008014,10,0,0,0,0,0
594,台中市后里區,6001008014,99,0,0,0,0,0
595,台中市石岡區,6001008015,1,0,0,0,0,0
596,台中市石岡區,6001008015,3,1,1,0,0,0
597,台中市石岡區,6001008015,5,0,0,0,0,0
598,台中市石岡區,6001008015,10,0,0,0,0,0
599,台中市石岡區,6001008015,99,0,0,0,0,0
600,台中市東勢區,6001008016,1,3,3,0,0,0
601,台中市東勢區,6001008016,3,0,0,0,0,0
602,台中市東勢區,6001008016,5,0,0,0,0,0
603,台中市東勢區,6001008016,10,0,0,0,0,0
604,台中市東勢區,6001008016,99,0,0,0,0,0
605,台中市和平區,6001008017,1,1,1,0,0,0
606,台中市和平區,6001008017,3,0,0,0,0,0
607,台中市和平區,6001008017,5,0,0,0,0,0
608,台中市和平區,6001008017,10,0,0,0,0,0
609,台中市和平區,6001008017,99,0,0,0,0,0
610,台中市新社區,6001008018,1,0,0,0,0,0
611,台中市新社區,6001008018,3,0,0,0,0,0
612,台中市新社區,6001008018,5,0,0,0,0,0
613,台中市新社區,6001008018,10,0,0,0,0,0
614,台中市新社區,6001008018,99,0,0,0,0,0
615,台中市潭子區,6001008019,1,25,24,1,0,0
616,台中市潭子區,6001008019,3,14,14,0,0,0
617,台中市潭子區,6001008019,5,2,2,0,0,0
618,台中市潭子區,6001008019,10,0,0,0,0,0
619,台中市潭子區,6001008019,99,0,0,0,0,0
620,台中市大雅區,6001008020,1,123,120,0,0,3
621,台中市大雅區,6001008020,3,12,12,0,0,0
622,台中市大雅區,6001008020,5,1,1,0,0,0
623,台中市大雅區,6001008020,10,2,2,0,0,0
624,台中市大雅區,6001008020,99,0,0,0,0,0
625,台中市神岡區,6001008021,1,8,7,1,0,0
626,台中市神岡區,6001008021,3,2,2,0,0,0
627,台中市神岡區,6001008021,5,0,0,0,0,0
628,台中市神岡區,6001008021,10,0,0,0,0,0
629,台中市神岡區,6001008021,99,0,0,0,0,0
630,台中市大肚區,6001008022,1,12,11,1,0,0
631,台中市大肚區,6001008022,3,1,1,0,0,0
632,台中市大肚區,6001008022,5,1,1,0,0,0
633,台中市大肚區,6001008022,10,0,0,0,0,0
634,台中市大肚區,6001008022,99,0,0,0,0,0
635,台中市沙鹿區,6001008023,1,8,7,1,0,0
636,台中市沙鹿區,6001008023,3,7,7,0,0,0
637,台中市沙鹿區,6001008023,5,0,0,0,0,0
638,台中市沙鹿區,6001008023,10,0,0,0,0,0
639,台中市沙鹿區,6001008023,99,0,0,0,0,0
640,台中市龍井區,6001008024,1,8,4,4,0,0
641,台中市龍井區,6001008024,3,4,4,0,0,0
642,台中市龍井區,6001008024,5,0,0,0,0,0
643,台中市龍井區,6001008024,10,0,0,0,0,0
644,台中市龍井區,6001008024,99,0,0,0,0,0
645,台中市梧棲區,6001008025,1,10,9,1,0,0
646,台中市梧棲區,6001008025,3,9,9,0,0,0
647,台中市梧棲區,6001008025,5,3,3,0,0,0
648,台中市梧棲區,6001008025,10,0,0,0,0,0
649,台中市梧棲區,6001008025,99,0,0,0,0,0
650,台中市清水區,6001008026,1,5,5,0,0,0
651,台中市清水區,6001008026,3,0,0,0,0,0
652,台中市清水區,6001008026,5,0,0,0,0,0
653,台中市清水區,6001008026,10,0,0,0,0,0
654,台中市清水區,6001008026,99,0,0,0,0,0
655,台中市大甲區,6001008027,1,21,21,0,0,0
656,台中市大甲區,6001008027,3,23,23,0,0,0
657,台中市大甲區,6001008027,5,6,5,0,1,0
658,台中市大甲區,6001008027,10,1,1,0,0,0
659,台中市大甲區,6001008027,99,0,0,0,0,0
660,台中市外埔區,6001008028,1,9,9,0,0,0
661,台中市外埔區,6001008028,3,3,3,0,0,0
662,台中市外埔區,6001008028,5,2,2,0,0,0
663,台中市外埔區,6001008028,10,2,2,0,0,0
664,台中市外埔區,6001008028,99,0,0,0,0,0
665,台中市大安區,6001008029,1,0,0,0,0,0
666,台中市大安區,6001008029,3,0,0,0,0,0
667,台中市大安區,6001008029,5,0,0,0,0,0
668,台中市大安區,6001008029,10,0,0,0,0,0
669,台中市大安區,6001008029,99,0,0,0,0,0
670,彰化縣彰化市,6001010001,1,15,10,5,0,0
671,彰化縣彰化市,6001010001,3,7,7,0,0,0
672,彰化縣彰化市,6001010001,5,0,0,0,0,0
673,彰化縣彰化市,6001010001,10,0,0,0,0,0
674,彰化縣彰化市,6001010001,99,0,0,0,0,0
675,彰化縣芬園鄉,6001010002,1,0,0,0,0,0
676,彰化縣芬園鄉,6001010002,3,0,0,0,0,0
677,彰化縣芬園鄉,6001010002,5,1,1,0,0,0
678,彰化縣芬園鄉,6001010002,10,0,0,0,0,0
679,彰化縣芬園鄉,6001010002,99,0,0,0,0,0
680,彰化縣花壇鄉,6001010003,1,2,2,0,0,0
681,彰化縣花壇鄉,6001010003,3,0,0,0,0,0
682,彰化縣花壇鄉,6001010003,5,0,0,0,0,0
683,彰化縣花壇鄉,6001010003,10,0,0,0,0,0
684,彰化縣花壇鄉,6001010003,99,0,0,0,0,0
685,彰化縣秀水鄉,6001010004,1,20,20,0,0,0
686,彰化縣秀水鄉,6001010004,3,10,10,0,0,0
687,彰化縣秀水鄉,6001010004,5,2,2,0,0,0
688,彰化縣秀水鄉,6001010004,10,1,1,0,0,0
689,彰化縣秀水鄉,6001010004,99,0,0,0,0,0
690,彰化縣鹿港鎮,6001010005,1,12,12,0,0,0
691,彰化縣鹿港鎮,6001010005,3,4,4,0,0,0
692,彰化縣鹿港鎮,6001010005,5,2,2,0,0,0
693,彰化縣鹿港鎮,6001010005,10,0,0,0,0,0
694,彰化縣鹿港鎮,6001010005,99,0,0,0,0,0
695,彰化縣福興鄉,6001010006,1,1,1,0,0,0
696,彰化縣福興鄉,6001010006,3,0,0,0,0,0
697,彰化縣福興鄉,6001010006,5,0,0,0,0,0
698,彰化縣福興鄉,6001010006,10,0,0,0,0,0
699,彰化縣福興鄉,6001010006,99,0,0,0,0,0
700,彰化縣線西鄉,6001010007,1,5,5,0,0,0
701,彰化縣線西鄉,6001010007,3,1,1,0,0,0
702,彰化縣線西鄉,6001010007,5,0,0,0,0,0
703,彰化縣線西鄉,6001010007,10,0,0,0,0,0
704,彰化縣線西鄉,6001010007,99,0,0,0,0,0
705,彰化縣和美鎮,6001010008,1,17,14,3,0,0
706,彰化縣和美鎮,6001010008,3,2,2,0,0,0
707,彰化縣和美鎮,6001010008,5,1,1,0,0,0
708,彰化縣和美鎮,6001010008,10,0,0,0,0,0
709,彰化縣和美鎮,6001010008,99,0,0,0,0,0
710,彰化縣伸港鄉,6001010009,1,0,0,0,0,0
711,彰化縣伸港鄉,6001010009,3,0,0,0,0,0
712,彰化縣伸港鄉,6001010009,5,0,0,0,0,0
713,彰化縣伸港鄉,6001010009,10,0,0,0,0,0
714,彰化縣伸港鄉,6001010009,99,0,0,0,0,0
715,彰化縣員林市,6001010010,1,8,7,1,0,0
716,彰化縣員林市,6001010010,3,2,1,1,0,0
717,彰化縣員林市,6001010010,5,0,0,0,0,0
718,彰化縣員林市,6001010010,10,0,0,0,0,0
719,彰化縣員林市,6001010010,99,0,0,0,0,0
720,彰化縣社頭鄉,6001010011,1,0,0,0,0,0
721,彰化縣社頭鄉,6001010011,3,1,1,0,0,0
722,彰化縣社頭鄉,6001010011,5,0,0,0,0,0
723,彰化縣社頭鄉,6001010011,10,0,0,0,0,0
724,彰化縣社頭鄉,6001010011,99,0,0,0,0,0
725,彰化縣永靖鄉,6001010012,1,0,0,0,0,0
726,彰化縣永靖鄉,6001010012,3,0,0,0,0,0
727,彰化縣永靖鄉,6001010012,5,0,0,0,0,0
728,彰化縣永靖鄉,6001010012,10,0,0,0,0,0
729,彰化縣永靖鄉,6001010012,99,0,0,0,0,0
730,彰化縣埔心鄉,6001010013,1,5,5,0,0,0
731,彰化縣埔心鄉,6001010013,3,11,11,0,0,0
732,彰化縣埔心鄉,6001010013,5,1,1,0,0,0
733,彰化縣埔心鄉,6001010013,10,1,1,0,0,0
734,彰化縣埔心鄉,6001010013,99,0,0,0,0,0
735,彰化縣溪湖鎮,6001010014,1,0,0,0,0,0
736,彰化縣溪湖鎮,6001010014,3,0,0,0,0,0
737,彰化縣溪湖鎮,6001010014,5,0,0,0,0,0
738,彰化縣溪湖鎮,6001010014,10,0,0,0,0,0
739,彰化縣溪湖鎮,6001010014,99,0,0,0,0,0
740,彰化縣大村鄉,6001010015,1,0,0,0,0,0
741,彰化縣大村鄉,6001010015,3,3,3,0,0,0
742,彰化縣大村鄉,6001010015,5,0,0,0,0,0
743,彰化縣大村鄉,6001010015,10,0,0,0,0,0
744,彰化縣大村鄉,6001010015,99,0,0,0,0,0
745,彰化縣埔鹽鄉,6001010016,1,2,2,0,0,0
746,彰化縣埔鹽鄉,6001010016,3,0,0,0,0,0
747,彰化縣埔鹽鄉,6001010016,5,0,0,0,0,0
748,彰化縣埔鹽鄉,6001010016,10,0,0,0,0,0
749,彰化縣埔鹽鄉,6001010016,99,0,0,0,0,0
750,彰化縣田中鎮,6001010017,1,17,15,2,0,0
751,彰化縣田中鎮,6001010017,3,3,3,0,0,0
752,彰化縣田中鎮,6001010017,5,3,3,0,0,0
753,彰化縣田中鎮,6001010017,10,0,0,0,0,0
754,彰化縣田中鎮,6001010017,99,0,0,0,0,0
755,彰化縣北斗鎮,6001010018,1,6,3,3,0,0
756,彰化縣北斗鎮,6001010018,3,4,4,0,0,0
757,彰化縣北斗鎮,6001010018,5,0,0,0,0,0
758,彰化縣北斗鎮,6001010018,10,0,0,0,0,0
759,彰化縣北斗鎮,6001010018,99,0,0,0,0,0
760,彰化縣田尾鄉,6001010019,1,0,0,0,0,0
761,彰化縣田尾鄉,6001010019,3,0,0,0,0,0
762,彰化縣田尾鄉,6001010019,5,0,0,0,0,0
763,彰化縣田尾鄉,6001010019,10,0,0,0,0,0
764,彰化縣田尾鄉,6001010019,99,0,0,0,0,0
765,彰化縣埤頭鄉,6001010020,1,0,0,0,0,0
766,彰化縣埤頭鄉,6001010020,3,0,0,0,0,0
767,彰化縣埤頭鄉,6001010020,5,0,0,0,0,0
768,彰化縣埤頭鄉,6001010020,10,0,0,0,0,0
769,彰化縣埤頭鄉,6001010020,99,0,0,0,0,0
770,彰化縣溪州鄉,6001010021,1,0,0,0,0,0
771,彰化縣溪州鄉,6001010021,3,0,0,0,0,0
772,彰化縣溪州鄉,6001010021,5,0,0,0,0,0
773,彰化縣溪州鄉,6001010021,10,0,0,0,0,0
774,彰化縣溪州鄉,6001010021,99,0,0,0,0,0
775,彰化縣竹塘鄉,6001010022,1,0,0,0,0,0
776,彰化縣竹塘鄉,6001010022,3,0,0,0,0,0
777,彰化縣竹塘鄉,6001010022,5,0,0,0,0,0
778,彰化縣竹塘鄉,6001010022,10,0,0,0,0,0
779,彰化縣竹塘鄉,6001010022,99,0,0,0,0,0
780,彰化縣二林鎮,6001010023,1,2,2,0,0,0
781,彰化縣二林鎮,6001010023,3,2,2,0,0,0
782,彰化縣二林鎮,6001010023,5,0,0,0,0,0
783,彰化縣二林鎮,6001010023,10,1,1,0,0,0
784,彰化縣二林鎮,6001010023,99,0,0,0,0,0
785,彰化縣大城鄉,6001010024,1,0,0,0,0,0
786,彰化縣大城鄉,6001010024,3,0,0,0,0,0
787,彰化縣大城鄉,6001010024,5,0,0,0,0,0
788,彰化縣大城鄉,6001010024,10,0,0,0,0,0
789,彰化縣大城鄉,6001010024,99,0,0,0,0,0
790,彰化縣芳苑鄉,6001010025,1,1,1,0,0,0
791,彰化縣芳苑鄉,6001010025,3,0,0,0,0,0
792,彰化縣芳苑鄉,6001010025,5,0,0,0,0,0
793,彰化縣芳苑鄉,6001010025,10,0,0,0,0,0
794,彰化縣芳苑鄉,6001010025,99,0,0,0,0,0
795,彰化縣二水鄉,6001010026,1,3,3,0,0,0
796,彰化縣二水鄉,6001010026,3,1,1,0,0,0
797,彰化縣二水鄉,6001010026,5,0,0,0,0,0
798,彰化縣二水鄉,6001010026,10,0,0,0,0,0
799,彰化縣二水鄉,6001010026,99,0,0,0,0,0
800,南投縣南投市,6001011001,1,15,14,1,0,0
801,南投縣南投市,6001011001,3,5,5,0,0,0
802,南投縣南投市,6001011001,5,0,0,0,0,0
803,南投縣南投市,6001011001,10,0,0,0,0,0
804,南投縣南投市,6001011001,99,0,0,0,0,0
805,南投縣中寮鄉,6001011002,1,0,0,0,0,0
806,南投縣中寮鄉,6001011002,3,0,0,0,0,0
807,南投縣中寮鄉,6001011002,5,0,0,0,0,0
808,南投縣中寮鄉,6001011002,10,0,0,0,0,0
809,南投縣中寮鄉,6001011002,99,0,0,0,0,0
810,南投縣草屯鎮,6001011003,1,5,4,1,0,0
811,南投縣草屯鎮,6001011003,3,3,3,0,0,0
812,南投縣草屯鎮,6001011003,5,0,0,0,0,0
813,南投縣草屯鎮,6001011003,10,0,0,0,0,0
814,南投縣草屯鎮,6001011003,99,0,0,0,0,0
815,南投縣國姓鄉,6001011004,1,0,0,0,0,0
816,南投縣國姓鄉,6001011004,3,0,0,0,0,0
817,南投縣國姓鄉,6001011004,5,0,0,0,0,0
818,南投縣國姓鄉,6001011004,10,0,0,0,0,0
819,南投縣國姓鄉,6001011004,99,0,0,0,0,0
820,南投縣埔里鎮,6001011005,1,6,6,0,0,0
821,南投縣埔里鎮,6001011005,3,1,1,0,0,0
822,南投縣埔里鎮,6001011005,5,0,0,0,0,0
823,南投縣埔里鎮,6001011005,10,1,1,0,0,0
824,南投縣埔里鎮,6001011005,99,0,0,0,0,0
825,南投縣仁愛鄉,6001011006,1,0,0,0,0,0
826,南投縣仁愛鄉,6001011006,3,0,0,0,0,0
827,南投縣仁愛鄉,6001011006,5,0,0,0,0,0
828,南投縣仁愛鄉,6001011006,10,0,0,0,0,0
829,南投縣仁愛鄉,6001011006,99,0,0,0,0,0
830,南投縣名間鄉,6001011007,1,0,0,0,0,0
831,南投縣名間鄉,6001011007,3,0,0,0,0,0
832,南投縣名間鄉,6001011007,5,0,0,0,0,0
833,南投縣名間鄉,6001011007,10,0,0,0,0,0
834,南投縣名間鄉,6001011007,99,0,0,0,0,0
835,南投縣集集鎮,6001011008,1,0,0,0,0,0
836,南投縣集集鎮,6001011008,3,0,0,0,0,0
837,南投縣集集鎮,6001011008,5,0,0,0,0,0
838,南投縣集集鎮,6001011008,10,0,0,0,0,0
839,南投縣集集鎮,6001011008,99,0,0,0,0,0
840,南投縣水里鄉,6001011009,1,0,0,0,0,0
841,南投縣水里鄉,6001011009,3,0,0,0,0,0
842,南投縣水里鄉,6001011009,5,0,0,0,0,0
843,南投縣水里鄉,6001011009,10,0,0,0,0,0
844,南投縣水里鄉,6001011009,99,0,0,0,0,0
845,南投縣魚池鄉,6001011010,1,0,0,0,0,0
846,南投縣魚池鄉,6001011010,3,0,0,0,0,0
847,南投縣魚池鄉,6001011010,5,0,0,0,0,0
848,南投縣魚池鄉,6001011010,10,0,0,0,0,0
849,南投縣魚池鄉,6001011010,99,0,0,0,0,0
850,南投縣信義鄉,6001011011,1,0,0,0,0,0
851,南投縣信義鄉,6001011011,3,0,0,0,0,0
852,南投縣信義鄉,6001011011,5,0,0,0,0,0
853,南投縣信義鄉,6001011011,10,0,0,0,0,0
854,南投縣信義鄉,6001011011,99,0,0,0,0,0
855,南投縣竹山鎮,6001011012,1,2,2,0,0,0
856,南投縣竹山鎮,6001011012,3,0,0,0,0,0
857,南投縣竹山鎮,6001011012,5,0,0,0,0,0
858,南投縣竹山鎮,6001011012,10,0,0,0,0,0
859,南投縣竹山鎮,6001011012,99,0,0,0,0,0
860,南投縣鹿谷鄉,6001011013,1,0,0,0,0,0
861,南投縣鹿谷鄉,6001011013,3,0,0,0,0,0
862,南投縣鹿谷鄉,6001011013,5,0,0,0,0,0
863,南投縣鹿谷鄉,6001011013,10,0,0,0,0,0
864,南投縣鹿谷鄉,6001011013,99,0,0,0,0,0
865,雲林縣斗南鎮,6001012001,1,0,0,0,0,0
866,雲林縣斗南鎮,6001012001,3,0,0,0,0,0
867,雲林縣斗南鎮,6001012001,5,0,0,0,0,0
868,雲林縣斗南鎮,6001012001,10,0,0,0,0,0
869,雲林縣斗南鎮,6001012001,99,0,0,0,0,0
870,雲林縣大埤鄉,6001012002,1,0,0,0,0,0
871,雲林縣大埤鄉,6001012002,3,0,0,0,0,0
872,雲林縣大埤鄉,6001012002,5,0,0,0,0,0
873,雲林縣大埤鄉,6001012002,10,0,0,0,0,0
874,雲林縣大埤鄉,6001012002,99,0,0,0,0,0
875,雲林縣虎尾鎮,6001012003,1,8,8,0,0,0
876,雲林縣虎尾鎮,6001012003,3,4,4,0,0,0
877,雲林縣虎尾鎮,6001012003,5,0,0,0,0,0
878,雲林縣虎尾鎮,6001012003,10,0,0,0,0,0
879,雲林縣虎尾鎮,6001012003,99,0,0,0,0,0
880,雲林縣土庫鎮,6001012004,1,1,1,0,0,0
881,雲林縣土庫鎮,6001012004,3,0,0,0,0,0
882,雲林縣土庫鎮,6001012004,5,0,0,0,0,0
883,雲林縣土庫鎮,6001012004,10,0,0,0,0,0
884,雲林縣土庫鎮,6001012004,99,0,0,0,0,0
885,雲林縣褒忠鄉,6001012005,1,0,0,0,0,0
886,雲林縣褒忠鄉,6001012005,3,0,0,0,0,0
887,雲林縣褒忠鄉,6001012005,5,0,0,0,0,0
888,雲林縣褒忠鄉,6001012005,10,0,0,0,0,0
889,雲林縣褒忠鄉,6001012005,99,0,0,0,0,0
890,雲林縣東勢鄉,6001012006,1,1,1,0,0,0
891,雲林縣東勢鄉,6001012006,3,1,1,0,0,0
892,雲林縣東勢鄉,6001012006,5,0,0,0,0,0
893,雲林縣東勢鄉,6001012006,10,0,0,0,0,0
894,雲林縣東勢鄉,6001012006,99,0,0,0,0,0
895,雲林縣台西鄉,6001012007,1,0,0,0,0,0
896,雲林縣台西鄉,6001012007,3,0,0,0,0,0
897,雲林縣台西鄉,6001012007,5,0,0,0,0,0
898,雲林縣台西鄉,6001012007,10,0,0,0,0,0
899,雲林縣台西鄉,6001012007,99,0,0,0,0,0
900,雲林縣崙背鄉,6001012008,1,0,0,0,0,0
901,雲林縣崙背鄉,6001012008,3,0,0,0,0,0
902,雲林縣崙背鄉,6001012008,5,0,0,0,0,0
903,雲林縣崙背鄉,6001012008,10,0,0,0,0,0
904,雲林縣崙背鄉,6001012008,99,0,0,0,0,0
905,雲林縣麥寮鄉,6001012009,1,2,2,0,0,0
906,雲林縣麥寮鄉,6001012009,3,0,0,0,0,0
907,雲林縣麥寮鄉,6001012009,5,0,0,0,0,0
908,雲林縣麥寮鄉,6001012009,10,0,0,0,0,0
909,雲林縣麥寮鄉,6001012009,99,0,0,0,0,0
910,雲林縣斗六市,6001012010,1,22,22,0,0,0
911,雲林縣斗六市,6001012010,3,5,5,0,0,0
912,雲林縣斗六市,6001012010,5,2,2,0,0,0
913,雲林縣斗六市,6001012010,10,0,0,0,0,0
914,雲林縣斗六市,6001012010,99,0,0,0,0,0
915,雲林縣林內鄉,6001012011,1,0,0,0,0,0
916,雲林縣林內鄉,6001012011,3,1,1,0,0,0
917,雲林縣林內鄉,6001012011,5,0,0,0,0,0
918,雲林縣林內鄉,6001012011,10,0,0,0,0,0
919,雲林縣林內鄉,6001012011,99,0,0,0,0,0
920,雲林縣古坑鄉,6001012012,1,2,2,0,0,0
921,雲林縣古坑鄉,6001012012,3,0,0,0,0,0
922,雲林縣古坑鄉,6001012012,5,0,0,0,0,0
923,雲林縣古坑鄉,6001012012,10,0,0,0,0,0
924,雲林縣古坑鄉,6001012012,99,0,0,0,0,0
925,雲林縣莿桐鄉,6001012013,1,0,0,0,0,0
926,雲林縣莿桐鄉,6001012013,3,1,1,0,0,0
927,雲林縣莿桐鄉,6001012013,5,0,0,0,0,0
928,雲林縣莿桐鄉,6001012013,10,0,0,0,0,0
929,雲林縣莿桐鄉,6001012013,99,0,0,0,0,0
930,雲林縣西螺鎮,6001012014,1,0,0,0,0,0
931,雲林縣西螺鎮,6001012014,3,1,1,0,0,0
932,雲林縣西螺鎮,6001012014,5,0,0,0,0,0
933,雲林縣西螺鎮,6001012014,10,0,0,0,0,0
934,雲林縣西螺鎮,6001012014,99,0,0,0,0,0
935,雲林縣二崙鄉,6001012015,1,3,3,0,0,0
936,雲林縣二崙鄉,6001012015,3,0,0,0,0,0
937,雲林縣二崙鄉,6001012015,5,0,0,0,0,0
938,雲林縣二崙鄉,6001012015,10,0,0,0,0,0
939,雲林縣二崙鄉,6001012015,99,0,0,0,0,0
940,雲林縣北港鎮,6001012016,1,2,2,0,0,0
941,雲林縣北港鎮,6001012016,3,1,1,0,0,0
942,雲林縣北港鎮,6001012016,5,0,0,0,0,0
943,雲林縣北港鎮,6001012016,10,0,0,0,0,0
944,雲林縣北港鎮,6001012016,99,0,0,0,0,0
945,雲林縣水林鄉,6001012017,1,0,0,0,0,0
946,雲林縣水林鄉,6001012017,3,1,1,0,0,0
947,雲林縣水林鄉,6001012017,5,0,0,0,0,0
948,雲林縣水林鄉,6001012017,10,0,0,0,0,0
949,雲林縣水林鄉,6001012017,99,0,0,0,0,0
950,雲林縣口湖鄉,6001012018,1,0,0,0,0,0
951,雲林縣口湖鄉,6001012018,3,0,0,0,0,0
952,雲林縣口湖鄉,6001012018,5,0,0,0,0,0
953,雲林縣口湖鄉,6001012018,10,0,0,0,0,0
954,雲林縣口湖鄉,6001012018,99,0,0,0,0,0
955,雲林縣四湖鄉,6001012019,1,0,0,0,0,0
956,雲林縣四湖鄉,6001012019,3,0,0,0,0,0
957,雲林縣四湖鄉,6001012019,5,0,0,0,0,0
958,雲林縣四湖鄉,6001012019,10,0,0,0,0,0
959,雲林縣四湖鄉,6001012019,99,0,0,0,0,0
960,雲林縣元長鄉,6001012020,1,7,7,0,0,0
961,雲林縣元長鄉,6001012020,3,0,0,0,0,0
962,雲林縣元長鄉,6001012020,5,0,0,0,0,0
963,雲林縣元長鄉,6001012020,10,0,0,0,0,0
964,雲林縣元長鄉,6001012020,99,0,0,0,0,0
965,嘉義市,6001013001,1,27,26,1,0,0
966,嘉義市,6001013001,3,4,4,0,0,0
967,嘉義市,6001013001,5,3,3,0,0,0
968,嘉義市,6001013001,10,1,1,0,0,0
969,嘉義市,6001013001,99,0,0,0,0,0
970,嘉義縣番路鄉,6001013002,1,0,0,0,0,0
971,嘉義縣番路鄉,6001013002,3,0,0,0,0,0
972,嘉義縣番路鄉,6001013002,5,0,0,0,0,0
973,嘉義縣番路鄉,6001013002,10,0,0,0,0,0
974,嘉義縣番路鄉,6001013002,99,0,0,0,0,0
975,嘉義縣梅山鄉,6001013003,1,0,0,0,0,0
976,嘉義縣梅山鄉,6001013003,3,0,0,0,0,0
977,嘉義縣梅山鄉,6001013003,5,0,0,0,0,0
978,嘉義縣梅山鄉,6001013003,10,0,0,0,0,0
979,嘉義縣梅山鄉,6001013003,99,0,0,0,0,0
980,嘉義縣竹崎鄉,6001013004,1,0,0,0,0,0
981,嘉義縣竹崎鄉,6001013004,3,0,0,0,0,0
982,嘉義縣竹崎鄉,6001013004,5,0,0,0,0,0
983,嘉義縣竹崎鄉,6001013004,10,0,0,0,0,0
984,嘉義縣竹崎鄉,6001013004,99,0,0,0,0,0
985,嘉義縣阿里山鄉,6001013005,1,1,1,0,0,0
986,嘉義縣阿里山鄉,6001013005,3,0,0,0,0,0
987,嘉義縣阿里山鄉,6001013005,5,0,0,0,0,0
988,嘉義縣阿里山鄉,6001013005,10,0,0,0,0,0
989,嘉義縣阿里山鄉,6001013005,99,0,0,0,0,0
990,嘉義縣中埔鄉,6001013006,1,2,2,0,0,0
991,嘉義縣中埔鄉,6001013006,3,1,1,0,0,0
992,嘉義縣中埔鄉,6001013006,5,0,0,0,0,0
993,嘉義縣中埔鄉,6001013006,10,0,0,0,0,0
994,嘉義縣中埔鄉,6001013006,99,0,0,0,0,0
995,嘉義縣大埔鄉,6001013007,1,0,0,0,0,0
996,嘉義縣大埔鄉,6001013007,3,0,0,0,0,0
997,嘉義縣大埔鄉,6001013007,5,0,0,0,0,0
998,嘉義縣大埔鄉,6001013007,10,0,0,0,0,0
999,嘉義縣大埔鄉,6001013007,99,0,0,0,0,0
1000,嘉義縣水上鄉,6001013008,1,2,2,0,0,0
1001,嘉義縣水上鄉,6001013008,3,0,0,0,0,0
1002,嘉義縣水上鄉,6001013008,5,0,0,0,0,0
1003,嘉義縣水上鄉,6001013008,10,0,0,0,0,0
1004,嘉義縣水上鄉,6001013008,99,0,0,0,0,0
1005,嘉義縣鹿草鄉,6001013009,1,0,0,0,0,0
1006,嘉義縣鹿草鄉,6001013009,3,0,0,0,0,0
1007,嘉義縣鹿草鄉,6001013009,5,0,0,0,0,0
1008,嘉義縣鹿草鄉,6001013009,10,0,0,0,0,0
1009,嘉義縣鹿草鄉,6001013009,99,0,0,0,0,0
1010,嘉義縣太保市,6001013010,1,2,0,2,0,0
1011,嘉義縣太保市,6001013010,3,0,0,0,0,0
1012,嘉義縣太保市,6001013010,5,0,0,0,0,0
1013,嘉義縣太保市,6001013010,10,0,0,0,0,0
1014,嘉義縣太保市,6001013010,99,0,0,0,0,0
1015,嘉義縣朴子市,6001013011,1,4,4,0,0,0
1016,嘉義縣朴子市,6001013011,3,5,5,0,0,0
1017,嘉義縣朴子市,6001013011,5,0,0,0,0,0
1018,嘉義縣朴子市,6001013011,10,0,0,0,0,0
1019,嘉義縣朴子市,6001013011,99,0,0,0,0,0
1020,嘉義縣東石鄉,6001013012,1,0,0,0,0,0
1021,嘉義縣東石鄉,6001013012,3,0,0,0,0,0
1022,嘉義縣東石鄉,6001013012,5,0,0,0,0,0
1023,嘉義縣東石鄉,6001013012,10,0,0,0,0,0
1024,嘉義縣東石鄉,6001013012,99,0,0,0,0,0
1025,嘉義縣六腳鄉,6001013013,1,0,0,0,0,0
1026,嘉義縣六腳鄉,6001013013,3,0,0,0,0,0
1027,嘉義縣六腳鄉,6001013013,5,0,0,0,0,0
1028,嘉義縣六腳鄉,6001013013,10,0,0,0,0,0
1029,嘉義縣六腳鄉,6001013013,99,0,0,0,0,0
1030,嘉義縣新港鄉,6001013014,1,0,0,0,0,0
1031,嘉義縣新港鄉,6001013014,3,0,0,0,0,0
1032,嘉義縣新港鄉,6001013014,5,0,0,0,0,0
1033,嘉義縣新港鄉,6001013014,10,0,0,0,0,0
1034,嘉義縣新港鄉,6001013014,99,0,0,0,0,0
1035,嘉義縣民雄鄉,6001013015,1,3,2,1,0,0
1036,嘉義縣民雄鄉,6001013015,3,1,1,0,0,0
1037,嘉義縣民雄鄉,6001013015,5,1,1,0,0,0
1038,嘉義縣民雄鄉,6001013015,10,0,0,0,0,0
1039,嘉義縣民雄鄉,6001013015,99,0,0,0,0,0
1040,嘉義縣大林鎮,6001013016,1,3,3,0,0,0
1041,嘉義縣大林鎮,6001013016,3,2,2,0,0,0
1042,嘉義縣大林鎮,6001013016,5,0,0,0,0,0
1043,嘉義縣大林鎮,6001013016,10,0,0,0,0,0
1044,嘉義縣大林鎮,6001013016,99,0,0,0,0,0
1045,嘉義縣溪口鄉,6001013017,1,0,0,0,0,0
1046,嘉義縣溪口鄉,6001013017,3,0,0,0,0,0
1047,嘉義縣溪口鄉,6001013017,5,0,0,0,0,0
1048,嘉義縣溪口鄉,6001013017,10,0,0,0,0,0
1049,嘉義縣溪口鄉,6001013017,99,0,0,0,0,0
1050,嘉義縣義竹鄉,6001013018,1,0,0,0,0,0
1051,嘉義縣義竹鄉,6001013018,3,0,0,0,0,0
1052,嘉義縣義竹鄉,6001013018,5,0,0,0,0,0
1053,嘉義縣義竹鄉,6001013018,10,0,0,0,0,0
1054,嘉義縣義竹鄉,6001013018,99,0,0,0,0,0
1055,嘉義縣布袋鎮,6001013019,1,1,1,0,0,0
1056,嘉義縣布袋鎮,6001013019,3,3,3,0,0,0
1057,嘉義縣布袋鎮,6001013019,5,0,0,0,0,0
1058,嘉義縣布袋鎮,6001013019,10,0,0,0,0,0
1059,嘉義縣布袋鎮,6001013019,99,0,0,0,0,0
1060,台南市中西區,6001014001,1,19,15,4,0,0
1061,台南市中西區,6001014001,3,7,7,0,0,0
1062,台南市中西區,6001014001,5,1,1,0,0,0
1063,台南市中西區,6001014001,10,0,0,0,0,0
1064,台南市中西區,6001014001,99,0,0,0,0,0
1065,台南市東區,6001014002,1,36,30,6,0,0
1066,台南市東區,6001014002,3,10,9,1,0,0
1067,台南市東區,6001014002,5,8,8,0,0,0
1068,台南市東區,6001014002,10,3,3,0,0,0
1069,台南市東區,6001014002,99,0,0,0,0,0
1070,台南市南區,6001014003,1,13,12,1,0,0
1071,台南市南區,6001014003,3,10,10,0,0,0
1072,台南市南區,6001014003,5,2,2,0,0,0
1073,台南市南區,6001014003,10,0,0,0,0,0
1074,台南市南區,6001014003,99,0,0,0,0,0
1075,台南市北區,6001014004,1,7,7,0,0,0
1076,台南市北區,6001014004,3,7,5,2,0,0
1077,台南市北區,6001014004,5,0,0,0,0,0
1078,台南市北區,6001014004,10,0,0,0,0,0
1079,台南市北區,6001014004,99,0,0,0,0,0
1080,台南市安平區,6001014005,1,8,8,0,0,0
1081,台南市安平區,6001014005,3,3,3,0,0,0
1082,台南市安平區,6001014005,5,0,0,0,0,0
1083,台南市安平區,6001014005,10,1,1,0,0,0
1084,台南市安平區,6001014005,99,0,0,0,0,0
1085,台南市安南區,6001014006,1,20,19,1,0,0
1086,台南市安南區,6001014006,3,2,2,0,0,0
1087,台南市安南區,6001014006,5,0,0,0,0,0
1088,台南市安南區,6001014006,10,2,2,0,0,0
1089,台南市安南區,6001014006,99,0,0,0,0,0
1090,台南市永康區,6001014007,1,38,30,7,0,1
1091,台南市永康區,6001014007,3,9,9,0,0,0
1092,台南市永康區,6001014007,5,1,1,0,0,0
1093,台南市永康區,6001014007,10,1,1,0,0,0
1094,台南市永康區,6001014007,99,0,0,0,0,0
1095,台南市歸仁區,6001014008,1,19,18,1,0,0
1096,台南市歸仁區,6001014008,3,17,17,0,0,0
1097,台南市歸仁區,6001014008,5,7,7,0,0,0
1098,台南市歸仁區,6001014008,10,2,2,0,0,0
1099,台南市歸仁區,6001014008,99,0,0,0,0,0
1100,台南市新化區,6001014009,1,5,3,2,0,0
1101,台南市新化區,6001014009,3,0,0,0,0,0
1102,台南市新化區,6001014009,5,0,0,0,0,0
1103,台南市新化區,6001014009,10,0,0,0,0,0
1104,台南市新化區,6001014009,99,0,0,0,0,0
1105,台南市左鎮區,6001014010,1,0,0,0,0,0
1106,台南市左鎮區,6001014010,3,1,0,1,0,0
1107,台南市左鎮區,6001014010,5,0,0,0,0,0
1108,台南市左鎮區,6001014010,10,0,0,0,0,0
1109,台南市左鎮區,6001014010,99,0,0,0,0,0
1110,台南市玉井區,6001014011,1,0,0,0,0,0
1111,台南市玉井區,6001014011,3,0,0,0,0,0
1112,台南市玉井區,6001014011,5,0,0,0,0,0
1113,台南市玉井區,6001014011,10,0,0,0,0,0
1114,台南市玉井區,6001014011,99,0,0,0,0,0
1115,台南市楠西區,6001014012,1,0,0,0,0,0
1116,台南市楠西區,6001014012,3,0,0,0,0,0
1117,台南市楠西區,6001014012,5,0,0,0,0,0
1118,台南市楠西區,6001014012,10,0,0,0,0,0
1119,台南市楠西區,6001014012,99,0,0,0,0,0
1120,台南市南化區,6001014013,1,0,0,0,0,0
1121,台南市南化區,6001014013,3,0,0,0,0,0
1122,台南市南化區,6001014013,5,0,0,0,0,0
1123,台南市南化區,6001014013,10,0,0,0,0,0
1124,台南市南化區,6001014013,99,0,0,0,0,0
1125,台南市仁德區,6001014014,1,11,11,0,0,0
1126,台南市仁德區,6001014014,3,15,15,0,0,0
1127,台南市仁德區,6001014014,5,3,3,0,0,0
1128,台南市仁德區,6001014014,10,1,1,0,0,0
1129,台南市仁德區,6001014014,99,0,0,0,0,0
1130,台南市關廟區,6001014015,1,0,0,0,0,0
1131,台南市關廟區,6001014015,3,0,0,0,0,0
1132,台南市關廟區,6001014015,5,0,0,0,0,0
1133,台南市關廟區,6001014015,10,0,0,0,0,0
1134,台南市關廟區,6001014015,99,0,0,0,0,0
1135,台南市龍崎區,6001014016,1,0,0,0,0,0
1136,台南市龍崎區,6001014016,3,0,0,0,0,0
1137,台南市龍崎區,6001014016,5,0,0,0,0,0
1138,台南市龍崎區,6001014016,10,0,0,0,0,0
1139,台南市龍崎區,6001014016,99,0,0,0,0,0
1140,台南市官田區,6001014017,1,4,4,0,0,0
1141,台南市官田區,6001014017,3,0,0,0,0,0
1142,台南市官田區,6001014017,5,0,0,0,0,0
1143,台南市官田區,6001014017,10,0,0,0,0,0
1144,台南市官田區,6001014017,99,0,0,0,0,0
1145,台南市麻豆區,6001014018,1,0,0,0,0,0
1146,台南市麻豆區,6001014018,3,0,0,0,0,0
1147,台南市麻豆區,6001014018,5,0,0,0,0,0
1148,台南市麻豆區,6001014018,10,0,0,0,0,0
1149,台南市麻豆區,6001014018,99,0,0,0,0,0
1150,台南市佳里區,6001014019,1,7,7,0,0,0
1151,台南市佳里區,6001014019,3,1,1,0,0,0
1152,台南市佳里區,6001014019,5,0,0,0,0,0
1153,台南市佳里區,6001014019,10,0,0,0,0,0
1154,台南市佳里區,6001014019,99,0,0,0,0,0
1155,台南市西港區,6001014020,1,1,1,0,0,0
1156,台南市西港區,6001014020,3,0,0,0,0,0
1157,台南市西港區,6001014020,5,0,0,0,0,0
1158,台南市西港區,6001014020,10,0,0,0,0,0
1159,台南市西港區,6001014020,99,0,0,0,0,0
1160,台南市七股區,6001014021,1,0,0,0,0,0
1161,台南市七股區,6001014021,3,2,2,0,0,0
1162,台南市七股區,6001014021,5,1,1,0,0,0
1163,台南市七股區,6001014021,10,0,0,0,0,0
1164,台南市七股區,6001014021,99,0,0,0,0,0
1165,台南市將軍區,6001014022,1,0,0,0,0,0
1166,台南市將軍區,6001014022,3,0,0,0,0,0
1167,台南市將軍區,6001014022,5,0,0,0,0,0
1168,台南市將軍區,6001014022,10,0,0,0,0,0
1169,台南市將軍區,6001014022,99,0,0,0,0,0
1170,台南市學甲區,6001014023,1,0,0,0,0,0
1171,台南市學甲區,6001014023,3,0,0,0,0,0
1172,台南市學甲區,6001014023,5,0,0,0,0,0
1173,台南市學甲區,6001014023,10,0,0,0,0,0
1174,台南市學甲區,6001014023,99,0,0,0,0,0
1175,台南市北門區,6001014024,1,0,0,0,0,0
1176,台南市北門區,6001014024,3,0,0,0,0,0
1177,台南市北門區,6001014024,5,0,0,0,0,0
1178,台南市北門區,6001014024,10,0,0,0,0,0
1179,台南市北門區,6001014024,99,0,0,0,0,0
1180,台南市新營區,6001014025,1,6,6,0,0,0
1181,台南市新營區,6001014025,3,2,2,0,0,0
1182,台南市新營區,6001014025,5,0,0,0,0,0
1183,台南市新營區,6001014025,10,0,0,0,0,0
1184,台南市新營區,6001014025,99,0,0,0,0,0
1185,台南市後壁區,6001014026,1,1,1,0,0,0
1186,台南市後壁區,6001014026,3,0,0,0,0,0
1187,台南市後壁區,6001014026,5,0,0,0,0,0
1188,台南市後壁區,6001014026,10,0,0,0,0,0
1189,台南市後壁區,6001014026,99,0,0,0,0,0
1190,台南市白河區,6001014027,1,1,1,0,0,0
1191,台南市白河區,6001014027,3,0,0,0,0,0
1192,台南市白河區,6001014027,5,0,0,0,0,0
1193,台南市白河區,6001014027,10,0,0,0,0,0
1194,台南市白河區,6001014027,99,0,0,0,0,0
1195,台南市東山區,6001014028,1,0,0,0,0,0
1196,台南市東山區,6001014028,3,0,0,0,0,0
1197,台南市東山區,6001014028,5,0,0,0,0,0
1198,台南市東山區,6001014028,10,0,0,0,0,0
1199,台南市東山區,6001014028,99,0,0,0,0,0
1200,台南市六甲區,6001014029,1,0,0,0,0,0
1201,台南市六甲區,6001014029,3,0,0,0,0,0
1202,台南市六甲區,6001014029,5,0,0,0,0,0
1203,台南市六甲區,6001014029,10,0,0,0,0,0
1204,台南市六甲區,6001014029,99,0,0,0,0,0
1205,台南市下營區,6001014030,1,2,2,0,0,0
1206,台南市下營區,6001014030,3,0,0,0,0,0
1207,台南市下營區,6001014030,5,0,0,0,0,0
1208,台南市下營區,6001014030,10,0,0,0,0,0
1209,台南市下營區,6001014030,99,0,0,0,0,0
1210,台南市柳營區,6001014031,1,1,1,0,0,0
1211,台南市柳營區,6001014031,3,0,0,0,0,0
1212,台南市柳營區,6001014031,5,0,0,0,0,0
1213,台南市柳營區,6001014031,10,0,0,0,0,0
1214,台南市柳營區,6001014031,99,0,0,0,0,0
1215,台南市鹽水區,6001014032,1,0,0,0,0,0
1216,台南市鹽水區,6001014032,3,0,0,0,0,0
1217,台南市鹽水區,6001014032,5,0,0,0,0,0
1218,台南市鹽水區,6001014032,10,0,0,0,0,0
1219,台南市鹽水區,6001014032,99,0,0,0,0,0
1220,台南市善化區,6001014033,1,9,6,2,0,1
1221,台南市善化區,6001014033,3,6,6,0,0,0
1222,台南市善化區,6001014033,5,1,1,0,0,0
1223,台南市善化區,6001014033,10,0,0,0,0,0
1224,台南市善化區,6001014033,99,0,0,0,0,0
1225,台南市大內區,6001014034,1,0,0,0,0,0
1226,台南市大內區,6001014034,3,0,0,0,0,0
1227,台南市大內區,6001014034,5,0,0,0,0,0
1228,台南市大內區,6001014034,10,0,0,0,0,0
1229,台南市大內區,6001014034,99,0,0,0,0,0
1230,台南市山上區,6001014035,1,2,2,0,0,0
1231,台南市山上區,6001014035,3,0,0,0,0,0
1232,台南市山上區,6001014035,5,0,0,0,0,0
1233,台南市山上區,6001014035,10,0,0,0,0,0
1234,台南市山上區,6001014035,99,0,0,0,0,0
1235,台南市新市區,6001014036,1,17,16,0,0,1
1236,台南市新市區,6001014036,3,8,7,0,0,1
1237,台南市新市區,6001014036,5,1,1,0,0,0
1238,台南市新市區,6001014036,10,1,1,0,0,0
1239,台南市新市區,6001014036,99,0,0,0,0,0
1240,台南市安定區,6001014037,1,4,4,0,0,0
1241,台南市安定區,6001014037,3,2,2,0,0,0
1242,台南市安定區,6001014037,5,1,1,0,0,0
1243,台南市安定區,6001014037,10,0,0,0,0,0
1244,台南市安定區,6001014037,99,0,0,0,0,0
1245,高雄市新興區,6001016001,1,26,21,4,0,1
1246,高雄市新興區,6001016001,3,7,7,0,0,0
1247,高雄市新興區,6001016001,5,3,3,0,0,0
1248,高雄市新興區,6001016001,10,2,2,0,0,0
1249,高雄市新興區,6001016001,99,0,0,0,0,0
1250,高雄市前金區,6001016002,1,8,5,3,0,0
1251,高雄市前金區,6001016002,3,3,1,2,0,0
1252,高雄市前金區,6001016002,5,0,0,0,0,0
1253,高雄市前金區,6001016002,10,0,0,0,0,0
1254,高雄市前金區,6001016002,99,0,0,0,0,0
1255,高雄市苓雅區,6001016003,1,22,14,8,0,0
1256,高雄市苓雅區,6001016003,3,15,15,0,0,0
1257,高雄市苓雅區,6001016003,5,3,3,0,0,0
1258,高雄市苓雅區,6001016003,10,2,2,0,0,0
1259,高雄市苓雅區,6001016003,99,1,1,0,0,0
1260,高雄市鹽埕區,6001016004,1,10,10,0,0,0
1261,高雄市鹽埕區,6001016004,3,5,5,0,0,0
1262,高雄市鹽埕區,6001016004,5,1,1,0,0,0
1263,高雄市鹽埕區,6001016004,10,0,0,0,0,0
1264,高雄市鹽埕區,6001016004,99,0,0,0,0,0
1265,高雄市鼓山區,6001016005,1,34,30,4,0,0
1266,高雄市鼓山區,6001016005,3,12,9,3,0,0
1267,高雄市鼓山區,6001016005,5,2,2,0,0,0
1268,高雄市鼓山區,6001016005,10,2,2,0,0,0
1269,高雄市鼓山區,6001016005,99,0,0,0,0,0
1270,高雄市旗津區,6001016006,1,0,0,0,0,0
1271,高雄市旗津區,6001016006,3,0,0,0,0,0
1272,高雄市旗津區,6001016006,5,0,0,0,0,0
1273,高雄市旗津區,6001016006,10,0,0,0,0,0
1274,高雄市旗津區,6001016006,99,0,0,0,0,0
1275,高雄市前鎮區,6001016007,1,43,37,6,0,0
1276,高雄市前鎮區,6001016007,3,10,10,0,0,0
1277,高雄市前鎮區,6001016007,5,1,1,0,0,0
1278,高雄市前鎮區,6001016007,10,1,1,0,0,0
1279,高雄市前鎮區,6001016007,99,0,0,0,0,0
1280,高雄市三民區,6001016008,1,24,18,6,0,0
1281,高雄市三民區,6001016008,3,17,16,1,0,0
1282,高雄市三民區,6001016008,5,4,4,0,0,0
1283,高雄市三民區,6001016008,10,1,1,0,0,0
1284,高雄市三民區,6001016008,99,0,0,0,0,0
1285,高雄市楠梓區,6001016009,1,13,10,3,0,0
1286,高雄市楠梓區,6001016009,3,2,2,0,0,0
1287,高雄市楠梓區,6001016009,5,3,2,0,1,0
1288,高雄市楠梓區,6001016009,10,1,1,0,0,0
1289,高雄市楠梓區,6001016009,99,0,0,0,0,0
1290,高雄市小港區,6001016010,1,7,6,1,0,0
1291,高雄市小港區,6001016010,3,4,4,0,0,0
1292,高雄市小港區,6001016010,5,0,0,0,0,0
1293,高雄市小港區,6001016010,10,0,0,0,0,0
1294,高雄市小港區,6001016010,99,0,0,0,0,0
1295,高雄市左營區,6001016011,1,46,29,17,0,0
1296,高雄市左營區,6001016011,3,14,13,1,0,0
1297,高雄市左營區,6001016011,5,5,5,0,0,0
1298,高雄市左營區,6001016011,10,4,3,1,0,0
1299,高雄市左營區,6001016011,99,0,0,0,0,0
1300,高雄市仁武區,6001016012,1,32,29,3,0,0
1301,高雄市仁武區,6001016012,3,7,7,0,0,0
1302,高雄市仁武區,6001016012,5,5,5,0,0,0
1303,高雄市仁武區,6001016012,10,3,3,0,0,0
1304,高雄市仁武區,6001016012,99,0,0,0,0,0
1305,高雄市大社區,6001016013,1,6,6,0,0,0
1306,高雄市大社區,6001016013,3,2,2,0,0,0
1307,高雄市大社區,6001016013,5,0,0,0,0,0
1308,高雄市大社區,6001016013,10,0,0,0,0,0
1309,高雄市大社區,6001016013,99,0,0,0,0,0
1310,高雄市岡山區,6001016014,1,23,19,3,1,0
1311,高雄市岡山區,6001016014,3,7,7,0,0,0
1312,高雄市岡山區,6001016014,5,2,2,0,0,0
1313,高雄市岡山區,6001016014,10,0,0,0,0,0
1314,高雄市岡山區,6001016014,99,1,1,0,0,0
1315,高雄市路竹區,6001016015,1,10,10,0,0,0
1316,高雄市路竹區,6001016015,3,3,3,0,0,0
1317,高雄市路竹區,6001016015,5,0,0,0,0,0
1318,高雄市路竹區,6001016015,10,0,0,0,0,0
1319,高雄市路竹區,6001016015,99,0,0,0,0,0
1320,高雄市阿蓮區,6001016016,1,2,2,0,0,0
1321,高雄市阿蓮區,6001016016,3,1,1,0,0,0
1322,高雄市阿蓮區,6001016016,5,0,0,0,0,0
1323,高雄市阿蓮區,6001016016,10,0,0,0,0,0
1324,高雄市阿蓮區,6001016016,99,0,0,0,0,0
1325,高雄市田寮區,6001016017,1,0,0,0,0,0
1326,高雄市田寮區,6001016017,3,0,0,0,0,0
1327,高雄市田寮區,6001016017,5,0,0,0,0,0
1328,高雄市田寮區,6001016017,10,0,0,0,0,0
1329,高雄市田寮區,6001016017,99,0,0,0,0,0
1330,高雄市燕巢區,6001016018,1,7,7,0,0,0
1331,高雄市燕巢區,6001016018,3,2,2,0,0,0
1332,高雄市燕巢區,6001016018,5,1,1,0,0,0
1333,高雄市燕巢區,6001016018,10,0,0,0,0,0
1334,高雄市燕巢區,6001016018,99,0,0,0,0,0
1335,高雄市橋頭區,6001016019,1,2,2,0,0,0
1336,高雄市橋頭區,6001016019,3,2,1,1,0,0
1337,高雄市橋頭區,6001016019,5,0,0,0,0,0
1338,高雄市橋頭區,6001016019,10,0,0,0,0,0
1339,高雄市橋頭區,6001016019,99,0,0,0,0,0
1340,高雄市梓官區,6001016020,1,0,0,0,0,0
1341,高雄市梓官區,6001016020,3,0,0,0,0,0
1342,高雄市梓官區,6001016020,5,0,0,0,0,0
1343,高雄市梓官區,6001016020,10,0,0,0,0,0
1344,高雄市梓官區,6001016020,99,0,0,0,0,0
1345,高雄市彌陀區,6001016021,1,0,0,0,0,0
1346,高雄市彌陀區,6001016021,3,0,0,0,0,0
1347,高雄市彌陀區,6001016021,5,0,0,0,0,0
1348,高雄市彌陀區,6001016021,10,0,0,0,0,0
1349,高雄市彌陀區,6001016021,99,0,0,0,0,0
1350,高雄市永安區,6001016022,1,0,0,0,0,0
1351,高雄市永安區,6001016022,3,1,1,0,0,0
1352,高雄市永安區,6001016022,5,0,0,0,0,0
1353,高雄市永安區,6001016022,10,0,0,0,0,0
1354,高雄市永安區,6001016022,99,0,0,0,0,0
1355,高雄市湖內區,6001016023,1,2,2,0,0,0
1356,高雄市湖內區,6001016023,3,0,0,0,0,0
1357,高雄市湖內區,6001016023,5,0,0,0,0,0
1358,高雄市湖內區,6001016023,10,0,0,0,0,0
1359,高雄市湖內區,6001016023,99,0,0,0,0,0
1360,高雄市鳳山區,6001016024,1,29,18,11,0,0
1361,高雄市鳳山區,6001016024,3,11,10,1,0,0
1362,高雄市鳳山區,6001016024,5,2,2,0,0,0
1363,高雄市鳳山區,6001016024,10,0,0,0,0,0
1364,高雄市鳳山區,6001016024,99,0,0,0,0,0
1365,高雄市大寮區,6001016025,1,12,11,0,0,1
1366,高雄市大寮區,6001016025,3,2,2,0,0,0
1367,高雄市大寮區,6001016025,5,0,0,0,0,0
1368,高雄市大寮區,6001016025,10,1,1,0,0,0
1369,高雄市大寮區,6001016025,99,0,0,0,0,0
1370,高雄市林園區,6001016026,1,5,5,0,0,0
1371,高雄市林園區,6001016026,3,1,1,0,0,0
1372,高雄市林園區,6001016026,5,2,2,0,0,0
1373,高雄市林園區,6001016026,10,0,0,0,0,0
1374,高雄市林園區,6001016026,99,0,0,0,0,0
1375,高雄市鳥松區,6001016027,1,8,8,0,0,0
1376,高雄市鳥松區,6001016027,3,4,4,0,0,0
1377,高雄市鳥松區,6001016027,5,1,1,0,0,0
1378,高雄市鳥松區,6001016027,10,0,0,0,0,0
1379,高雄市鳥松區,6001016027,99,0,0,0,0,0
1380,高雄市大樹區,6001016028,1,6,5,1,0,0
1381,高雄市大樹區,6001016028,3,1,1,0,0,0
1382,高雄市大樹區,6001016028,5,0,0,0,0,0
1383,高雄市大樹區,6001016028,10,0,0,0,0,0
1384,高雄市大樹區,6001016028,99,0,0,0,0,0
1385,高雄市旗山區,6001016029,1,4,4,0,0,0
1386,高雄市旗山區,6001016029,3,2,2,0,0,0
1387,高雄市旗山區,6001016029,5,2,2,0,0,0
1388,高雄市旗山區,6001016029,10,0,0,0,0,0
1389,高雄市旗山區,6001016029,99,0,0,0,0,0
1390,高雄市美濃區,6001016030,1,1,1,0,0,0
1391,高雄市美濃區,6001016030,3,0,0,0,0,0
1392,高雄市美濃區,6001016030,5,0,0,0,0,0
1393,高雄市美濃區,6001016030,10,0,0,0,0,0
1394,高雄市美濃區,6001016030,99,0,0,0,0,0
1395,高雄市六龜區,6001016031,1,0,0,0,0,0
1396,高雄市六龜區,6001016031,3,0,0,0,0,0
1397,高雄市六龜區,6001016031,5,0,0,0,0,0
1398,高雄市六龜區,6001016031,10,0,0,0,0,0
1399,高雄市六龜區,6001016031,99,0,0,0,0,0
1400,高雄市內門區,6001016032,1,0,0,0,0,0
1401,高雄市內門區,6001016032,3,0,0,0,0,0
1402,高雄市內門區,6001016032,5,0,0,0,0,0
1403,高雄市內門區,6001016032,10,0,0,0,0,0
1404,高雄市內門區,6001016032,99,0,0,0,0,0
1405,高雄市杉林區,6001016033,1,0,0,0,0,0
1406,高雄市杉林區,6001016033,3,0,0,0,0,0
1407,高雄市杉林區,6001016033,5,0,0,0,0,0
1408,高雄市杉林區,6001016033,10,0,0,0,0,0
1409,高雄市杉林區,6001016033,99,0,0,0,0,0
1410,高雄市甲仙區,6001016034,1,0,0,0,0,0
1411,高雄市甲仙區,6001016034,3,0,0,0,0,0
1412,高雄市甲仙區,6001016034,5,0,0,0,0,0
1413,高雄市甲仙區,6001016034,10,0,0,0,0,0
1414,高雄市甲仙區,6001016034,99,0,0,0,0,0
1415,高雄市桃源區,6001016035,1,0,0,0,0,0
1416,高雄市桃源區,6001016035,3,0,0,0,0,0
1417,高雄市桃源區,6001016035,5,0,0,0,0,0
1418,高雄市桃源區,6001016035,10,0,0,0,0,0
1419,高雄市桃源區,6001016035,99,0,0,0,0,0
1420,高雄市那瑪夏區,6001016036,1,0,0,0,0,0
1421,高雄市那瑪夏區,6001016036,3,0,0,0,0,0
1422,高雄市那瑪夏區,6001016036,5,0,0,0,0,0
1423,高雄市那瑪夏區,6001016036,10,0,0,0,0,0
1424,高雄市那瑪夏區,6001016036,99,0,0,0,0,0
1425,高雄市茂林區,6001016037,1,0,0,0,0,0
1426,高雄市茂林區,6001016037,3,0,0,0,0,0
1427,高雄市茂林區,6001016037,5,0,0,0,0,0
1428,高雄市茂林區,6001016037,10,0,0,0,0,0
1429,高雄市茂林區,6001016037,99,0,0,0,0,0
1430,高雄市茄萣區,6001016038,1,1,0,1,0,0
1431,高雄市茄萣區,6001016038,3,0,0,0,0,0
1432,高雄市茄萣區,6001016038,5,0,0,0,0,0
1433,高雄市茄萣區,6001016038,10,0,0,0,0,0
1434,高雄市茄萣區,6001016038,99,0,0,0,0,0
1435,屏東縣屏東市,6001018001,1,17,15,2,0,0
1436,屏東縣屏東市,6001018001,3,9,9,0,0,0
1437,屏東縣屏東市,6001018001,5,2,2,0,0,0
1438,屏東縣屏東市,6001018001,10,1,1,0,0,0
1439,屏東縣屏東市,6001018001,99,0,0,0,0,0
1440,屏東縣三地門鄉,6001018002,1,0,0,0,0,0
1441,屏東縣三地門鄉,6001018002,3,0,0,0,0,0
1442,屏東縣三地門鄉,6001018002,5,0,0,0,0,0
1443,屏東縣三地門鄉,6001018002,10,0,0,0,0,0
1444,屏東縣三地門鄉,6001018002,99,0,0,0,0,0
1445,屏東縣霧台鄉,6001018003,1,0,0,0,0,0
1446,屏東縣霧台鄉,6001018003,3,0,0,0,0,0
1447,屏東縣霧台鄉,6001018003,5,0,0,0,0,0
1448,屏東縣霧台鄉,6001018003,10,0,0,0,0,0
1449,屏東縣霧台鄉,6001018003,99,0,0,0,0,0
1450,屏東縣瑪家鄉,6001018004,1,0,0,0,0,0
1451,屏東縣瑪家鄉,6001018004,3,0,0,0,0,0
1452,屏東縣瑪家鄉,6001018004,5,0,0,0,0,0
1453,屏東縣瑪家鄉,6001018004,10,0,0,0,0,0
1454,屏東縣瑪家鄉,6001018004,99,0,0,0,0,0
1455,屏東縣九如鄉,6001018005,1,0,0,0,0,0
1456,屏東縣九如鄉,6001018005,3,0,0,0,0,0
1457,屏東縣九如鄉,6001018005,5,0,0,0,0,0
1458,屏東縣九如鄉,6001018005,10,0,0,0,0,0
1459,屏東縣九如鄉,6001018005,99,0,0,0,0,0
1460,屏東縣里港鄉,6001018006,1,1,1,0,0,0
1461,屏東縣里港鄉,6001018006,3,1,1,0,0,0
1462,屏東縣里港鄉,6001018006,5,3,3,0,0,0
1463,屏東縣里港鄉,6001018006,10,0,0,0,0,0
1464,屏東縣里港鄉,6001018006,99,0,0,0,0,0
1465,屏東縣高樹鄉,6001018007,1,0,0,0,0,0
1466,屏東縣高樹鄉,6001018007,3,0,0,0,0,0
1467,屏東縣高樹鄉,6001018007,5,0,0,0,0,0
1468,屏東縣高樹鄉,6001018007,10,0,0,0,0,0
1469,屏東縣高樹鄉,6001018007,99,0,0,0,0,0
1470,屏東縣鹽埔鄉,6001018008,1,1,1,0,0,0
1471,屏東縣鹽埔鄉,6001018008,3,0,0,0,0,0
1472,屏東縣鹽埔鄉,6001018008,5,0,0,0,0,0
1473,屏東縣鹽埔鄉,6001018008,10,1,0,0,1,0
1474,屏東縣鹽埔鄉,6001018008,99,0,0,0,0,0
1475,屏東縣長治鄉,6001018009,1,1,0,1,0,0
1476,屏東縣長治鄉,6001018009,3,0,0,0,0,0
1477,屏東縣長治鄉,6001018009,5,0,0,0,0,0
1478,屏東縣長治鄉,6001018009,10,0,0,0,0,0
1479,屏東縣長治鄉,6001018009,99,0,0,0,0,0
1480,屏東縣麟洛鄉,6001018010,1,0,0,0,0,0
1481,屏東縣麟洛鄉,6001018010,3,0,0,0,0,0
1482,屏東縣麟洛鄉,6001018010,5,0,0,0,0,0
1483,屏東縣麟洛鄉,6001018010,10,0,0,0,0,0
1484,屏東縣麟洛鄉,6001018010,99,0,0,0,0,0
1485,屏東縣竹田鄉,6001018011,1,0,0,0,0,0
1486,屏東縣竹田鄉,6001018011,3,0,0,0,0,0
1487,屏東縣竹田鄉,6001018011,5,0,0,0,0,0
1488,屏東縣竹田鄉,6001018011,10,0,0,0,0,0
1489,屏東縣竹田鄉,6001018011,99,0,0,0,0,0
1490,屏東縣內埔鄉,6001018012,1,0,0,0,0,0
1491,屏東縣內埔鄉,6001018012,3,0,0,0,0,0
1492,屏東縣內埔鄉,6001018012,5,0,0,0,0,0
1493,屏東縣內埔鄉,6001018012,10,0,0,0,0,0
1494,屏東縣內埔鄉,6001018012,99,0,0,0,0,0
1495,屏東縣萬丹鄉,6001018013,1,0,0,0,0,0
1496,屏東縣萬丹鄉,6001018013,3,0,0,0,0,0
1497,屏東縣萬丹鄉,6001018013,5,0,0,0,0,0
1498,屏東縣萬丹鄉,6001018013,10,0,0,0,0,0
1499,屏東縣萬丹鄉,6001018013,99,0,0,0,0,0
1500,屏東縣潮州鎮,6001018014,1,1,1,0,0,0
1501,屏東縣潮州鎮,6001018014,3,0,0,0,0,0
1502,屏東縣潮州鎮,6001018014,5,0,0,0,0,0
1503,屏東縣潮州鎮,6001018014,10,0,0,0,0,0
1504,屏東縣潮州鎮,6001018014,99,0,0,0,0,0
1505,屏東縣泰武鄉,6001018015,1,0,0,0,0,0
1506,屏東縣泰武鄉,6001018015,3,0,0,0,0,0
1507,屏東縣泰武鄉,6001018015,5,0,0,0,0,0
1508,屏東縣泰武鄉,6001018015,10,0,0,0,0,0
1509,屏東縣泰武鄉,6001018015,99,0,0,0,0,0
1510,屏東縣來義鄉,6001018016,1,0,0,0,0,0
1511,屏東縣來義鄉,6001018016,3,0,0,0,0,0
1512,屏東縣來義鄉,6001018016,5,0,0,0,0,0
1513,屏東縣來義鄉,6001018016,10,0,0,0,0,0
1514,屏東縣來義鄉,6001018016,99,0,0,0,0,0
1515,屏東縣萬巒鄉,6001018017,1,0,0,0,0,0
1516,屏東縣萬巒鄉,6001018017,3,0,0,0,0,0
1517,屏東縣萬巒鄉,6001018017,5,0,0,0,0,0
1518,屏東縣萬巒鄉,6001018017,10,0,0,0,0,0
1519,屏東縣萬巒鄉,6001018017,99,0,0,0,0,0
1520,屏東縣崁頂鄉,6001018018,1,0,0,0,0,0
1521,屏東縣崁頂鄉,6001018018,3,0,0,0,0,0
1522,屏東縣崁頂鄉,6001018018,5,0,0,0,0,0
1523,屏東縣崁頂鄉,6001018018,10,0,0,0,0,0
1524,屏東縣崁頂鄉,6001018018,99,0,0,0,0,0
1525,屏東縣新埤鄉,6001018019,1,0,0,0,0,0
1526,屏東縣新埤鄉,6001018019,3,0,0,0,0,0
1527,屏東縣新埤鄉,6001018019,5,0,0,0,0,0
1528,屏東縣新埤鄉,6001018019,10,0,0,0,0,0
1529,屏東縣新埤鄉,6001018019,99,0,0,0,0,0
1530,屏東縣南州鄉,6001018020,1,0,0,0,0,0
1531,屏東縣南州鄉,6001018020,3,0,0,0,0,0
1532,屏東縣南州鄉,6001018020,5,0,0,0,0,0
1533,屏東縣南州鄉,6001018020,10,0,0,0,0,0
1534,屏東縣南州鄉,6001018020,99,0,0,0,0,0
1535,屏東縣林邊鄉,6001018021,1,0,0,0,0,0
1536,屏東縣林邊鄉,6001018021,3,0,0,0,0,0
1537,屏東縣林邊鄉,6001018021,5,0,0,0,0,0
1538,屏東縣林邊鄉,6001018021,10,0,0,0,0,0
1539,屏東縣林邊鄉,6001018021,99,0,0,0,0,0
1540,屏東縣東港鎮,6001018022,1,0,0,0,0,0
1541,屏東縣東港鎮,6001018022,3,0,0,0,0,0
1542,屏東縣東港鎮,6001018022,5,0,0,0,0,0
1543,屏東縣東港鎮,6001018022,10,0,0,0,0,0
1544,屏東縣東港鎮,6001018022,99,0,0,0,0,0
1545,屏東縣琉球鄉,6001018023,1,0,0,0,0,0
1546,屏東縣琉球鄉,6001018023,3,0,0,0,0,0
1547,屏東縣琉球鄉,6001018023,5,0,0,0,0,0
1548,屏東縣琉球鄉,6001018023,10,0,0,0,0,0
1549,屏東縣琉球鄉,6001018023,99,0,0,0,0,0
1550,屏東縣佳冬鄉,6001018024,1,0,0,0,0,0
1551,屏東縣佳冬鄉,6001018024,3,0,0,0,0,0
1552,屏東縣佳冬鄉,6001018024,5,0,0,0,0,0
1553,屏東縣佳冬鄉,6001018024,10,0,0,0,0,0
1554,屏東縣佳冬鄉,6001018024,99,0,0,0,0,0
1555,屏東縣新園鄉,6001018025,1,0,0,0,0,0
1556,屏東縣新園鄉,6001018025,3,0,0,0,0,0
1557,屏東縣新園鄉,6001018025,5,0,0,0,0,0
1558,屏東縣新園鄉,6001018025,10,0,0,0,0,0
1559,屏東縣新園鄉,6001018025,99,0,0,0,0,0
1560,屏東縣枋寮鄉,6001018026,1,1,1,0,0,0
1561,屏東縣枋寮鄉,6001018026,3,1,1,0,0,0
1562,屏東縣枋寮鄉,6001018026,5,0,0,0,0,0
1563,屏東縣枋寮鄉,6001018026,10,0,0,0,0,0
1564,屏東縣枋寮鄉,6001018026,99,0,0,0,0,0
1565,屏東縣枋山鄉,6001018027,1,0,0,0,0,0
1566,屏東縣枋山鄉,6001018027,3,0,0,0,0,0
1567,屏東縣枋山鄉,6001018027,5,0,0,0,0,0
1568,屏東縣枋山鄉,6001018027,10,0,0,0,0,0
1569,屏東縣枋山鄉,6001018027,99,0,0,0,0,0
1570,屏東縣春日鄉,6001018028,1,0,0,0,0,0
1571,屏東縣春日鄉,6001018028,3,0,0,0,0,0
1572,屏東縣春日鄉,6001018028,5,0,0,0,0,0
1573,屏東縣春日鄉,6001018028,10,0,0,0,0,0
1574,屏東縣春日鄉,6001018028,99,0,0,0,0,0
1575,屏東縣獅子鄉,6001018029,1,0,0,0,0,0
1576,屏東縣獅子鄉,6001018029,3,0,0,0,0,0
1577,屏東縣獅子鄉,6001018029,5,0,0,0,0,0
1578,屏東縣獅子鄉,6001018029,10,0,0,0,0,0
1579,屏東縣獅子鄉,6001018029,99,0,0,0,0,0
1580,屏東縣車城鄉,6001018030,1,11,11,0,0,0
1581,屏東縣車城鄉,6001018030,3,5,5,0,0,0
1582,屏東縣車城鄉,6001018030,5,1,1,0,0,0
1583,屏東縣車城鄉,6001018030,10,2,2,0,0,0
1584,屏東縣車城鄉,6001018030,99,0,0,0,0,0
1585,屏東縣牡丹鄉,6001018031,1,0,0,0,0,0
1586,屏東縣牡丹鄉,6001018031,3,0,0,0,0,0
1587,屏東縣牡丹鄉,6001018031,5,0,0,0,0,0
1588,屏東縣牡丹鄉,6001018031,10,0,0,0,0,0
1589,屏東縣牡丹鄉,6001018031,99,0,0,0,0,0
1590,屏東縣恆春鎮,6001018032,1,3,3,0,0,0
1591,屏東縣恆春鎮,6001018032,3,2,2,0,0,0
1592,屏東縣恆春鎮,6001018032,5,2,2,0,0,0
1593,屏東縣恆春鎮,6001018032,10,0,0,0,0,0
1594,屏東縣恆春鎮,6001018032,99,0,0,0,0,0
1595,屏東縣滿州鄉,6001018033,1,0,0,0,0,0
1596,屏東縣滿州鄉,6001018033,3,1,1,0,0,0
1597,屏東縣滿州鄉,6001018033,5,0,0,0,0,0
1598,屏東縣滿州鄉,6001018033,10,0,0,0,0,0
1599,屏東縣滿州鄉,6001018033,99,0,0,0,0,0
1600,台東縣台東市,6001019001,1,9,8,1,0,0
1601,台東縣台東市,6001019001,3,1,1,0,0,0
1602,台東縣台東市,6001019001,5,0,0,0,0,0
1603,台東縣台東市,6001019001,10,0,0,0,0,0
1604,台東縣台東市,6001019001,99,0,0,0,0,0
1605,台東縣綠島鄉,6001019002,1,0,0,0,0,0
1606,台東縣綠島鄉,6001019002,3,0,0,0,0,0
1607,台東縣綠島鄉,6001019002,5,0,0,0,0,0
1608,台東縣綠島鄉,6001019002,10,0,0,0,0,0
1609,台東縣綠島鄉,6001019002,99,0,0,0,0,0
1610,台東縣蘭嶼鄉,6001019003,1,0,0,0,0,0
1611,台東縣蘭嶼鄉,6001019003,3,0,0,0,0,0
1612,台東縣蘭嶼鄉,6001019003,5,0,0,0,0,0
1613,台東縣蘭嶼鄉,6001019003,10,0,0,0,0,0
1614,台東縣蘭嶼鄉,6001019003,99,0,0,0,0,0
1615,台東縣延平鄉,6001019004,1,0,0,0,0,0
1616,台東縣延平鄉,6001019004,3,0,0,0,0,0
1617,台東縣延平鄉,6001019004,5,0,0,0,0,0
1618,台東縣延平鄉,6001019004,10,0,0,0,0,0
1619,台東縣延平鄉,6001019004,99,0,0,0,0,0
1620,台東縣卑南鄉,6001019005,1,1,1,0,0,0
1621,台東縣卑南鄉,6001019005,3,0,0,0,0,0
1622,台東縣卑南鄉,6001019005,5,0,0,0,0,0
1623,台東縣卑南鄉,6001019005,10,0,0,0,0,0
1624,台東縣卑南鄉,6001019005,99,0,0,0,0,0
1625,台東縣鹿野鄉,6001019006,1,0,0,0,0,0
1626,台東縣鹿野鄉,6001019006,3,0,0,0,0,0
1627,台東縣鹿野鄉,6001019006,5,0,0,0,0,0
1628,台東縣鹿野鄉,6001019006,10,0,0,0,0,0
1629,台東縣鹿野鄉,6001019006,99,0,0,0,0,0
1630,台東縣關山鎮,6001019007,1,0,0,0,0,0
1631,台東縣關山鎮,6001019007,3,0,0,0,0,0
1632,台東縣關山鎮,6001019007,5,0,0,0,0,0
1633,台東縣關山鎮,6001019007,10,0,0,0,0,0
1634,台東縣關山鎮,6001019007,99,0,0,0,0,0
1635,台東縣海端鄉,6001019008,1,0,0,0,0,0
1636,台東縣海端鄉,6001019008,3,0,0,0,0,0
1637,台東縣海端鄉,6001019008,5,0,0,0,0,0
1638,台東縣海端鄉,6001019008,10,0,0,0,0,0
1639,台東縣海端鄉,6001019008,99,0,0,0,0,0
1640,台東縣池上鄉,6001019009,1,0,0,0,0,0
1641,台東縣池上鄉,6001019009,3,0,0,0,0,0
1642,台東縣池上鄉,6001019009,5,0,0,0,0,0
1643,台東縣池上鄉,6001019009,10,0,0,0,0,0
1644,台東縣池上鄉,6001019009,99,0,0,0,0,0
1645,台東縣東河鄉,6001019010,1,0,0,0,0,0
1646,台東縣東河鄉,6001019010,3,0,0,0,0,0
1647,台東縣東河鄉,6001019010,5,0,0,0,0,0
1648,台東縣東河鄉,6001019010,10,0,0,0,0,0
1649,台東縣東河鄉,6001019010,99,0,0,0,0,0
1650,台東縣成功鎮,6001019011,1,0,0,0,0,0
1651,台東縣成功鎮,6001019011,3,0,0,0,0,0
1652,台東縣成功鎮,6001019011,5,0,0,0,0,0
1653,台東縣成功鎮,6001019011,10,0,0,0,0,0
1654,台東縣成功鎮,6001019011,99,0,0,0,0,0
1655,台東縣長濱鄉,6001019012,1,0,0,0,0,0
1656,台東縣長濱鄉,6001019012,3,0,0,0,0,0
1657,台東縣長濱鄉,6001019012,5,0,0,0,0,0
1658,台東縣長濱鄉,6001019012,10,0,0,0,0,0
1659,台東縣長濱鄉,6001019012,99,0,0,0,0,0
1660,台東縣太麻里鄉,6001019013,1,0,0,0,0,0
1661,台東縣太麻里鄉,6001019013,3,0,0,0,0,0
1662,台東縣太麻里鄉,6001019013,5,0,0,0,0,0
1663,台東縣太麻里鄉,6001019013,10,0,0,0,0,0
1664,台東縣太麻里鄉,6001019013,99,0,0,0,0,0
1665,台東縣金峰鄉,6001019014,1,0,0,0,0,0
1666,台東縣金峰鄉,6001019014,3,0,0,0,0,0
1667,台東縣金峰鄉,6001019014,5,0,0,0,0,0
1668,台東縣金峰鄉,6001019014,10,0,0,0,0,0
1669,台東縣金峰鄉,6001019014,99,0,0,0,0,0
1670,台東縣大武鄉,6001019015,1,0,0,0,0,0
1671,台東縣大武鄉,6001019015,3,0,0,0,0,0
1672,台東縣大武鄉,6001019015,5,0,0,0,0,0
1673,台東縣大武鄉,6001019015,10,0,0,0,0,0
1674,台東縣大武鄉,6001019015,99,0,0,0,0,0
1675,台東縣達仁鄉,6001019016,1,0,0,0,0,0
1676,台東縣達仁鄉,6001019016,3,0,0,0,0,0
1677,台東縣達仁鄉,6001019016,5,0,0,0,0,0
1678,台東縣達仁鄉,6001019016,10,0,0,0,0,0
1679,台東縣達仁鄉,6001019016,99,0,0,0,0,0
1680,花蓮縣花蓮市,6001020001,1,9,8,1,0,0
1681,花蓮縣花蓮市,6001020001,3,9,8,1,0,0
1682,花蓮縣花蓮市,6001020001,5,0,0,0,0,0
1683,花蓮縣花蓮市,6001020001,10,0,0,0,0,0
1684,花蓮縣花蓮市,6001020001,99,0,0,0,0,0
1685,花蓮縣新城鄉,6001020002,1,4,4,0,0,0
1686,花蓮縣新城鄉,6001020002,3,0,0,0,0,0
1687,花蓮縣新城鄉,6001020002,5,0,0,0,0,0
1688,花蓮縣新城鄉,6001020002,10,0,0,0,0,0
1689,花蓮縣新城鄉,6001020002,99,0,0,0,0,0
1690,花蓮縣秀林鄉,6001020003,1,2,2,0,0,0
1691,花蓮縣秀林鄉,6001020003,3,7,7,0,0,0
1692,花蓮縣秀林鄉,6001020003,5,2,2,0,0,0
1693,花蓮縣秀林鄉,6001020003,10,0,0,0,0,0
1694,花蓮縣秀林鄉,6001020003,99,0,0,0,0,0
1695,花蓮縣吉安鄉,6001020004,1,1,1,0,0,0
1696,花蓮縣吉安鄉,6001020004,3,0,0,0,0,0
1697,花蓮縣吉安鄉,6001020004,5,1,1,0,0,0
1698,花蓮縣吉安鄉,6001020004,10,0,0,0,0,0
1699,花蓮縣吉安鄉,6001020004,99,0,0,0,0,0
1700,花蓮縣壽豐鄉,6001020005,1,4,2,2,0,0
1701,花蓮縣壽豐鄉,6001020005,3,9,9,0,0,0
1702,花蓮縣壽豐鄉,6001020005,5,1,1,0,0,0
1703,花蓮縣壽豐鄉,6001020005,10,1,1,0,0,0
1704,花蓮縣壽豐鄉,6001020005,99,0,0,0,0,0
1705,花蓮縣鳳林鎮,6001020006,1,1,1,0,0,0
1706,花蓮縣鳳林鎮,6001020006,3,0,0,0,0,0
1707,花蓮縣鳳林鎮,6001020006,5,0,0,0,0,0
1708,花蓮縣鳳林鎮,6001020006,10,0,0,0,0,0
1709,花蓮縣鳳林鎮,6001020006,99,0,0,0,0,0
1710,花蓮縣光復鄉,6001020007,1,0,0,0,0,0
1711,花蓮縣光復鄉,6001020007,3,0,0,0,0,0
1712,花蓮縣光復鄉,6001020007,5,0,0,0,0,0
1713,花蓮縣光復鄉,6001020007,10,0,0,0,0,0
1714,花蓮縣光復鄉,6001020007,99,0,0,0,0,0
1715,花蓮縣豐濱鄉,6001020008,1,0,0,0,0,0
1716,花蓮縣豐濱鄉,6001020008,3,0,0,0,0,0
1717,花蓮縣豐濱鄉,6001020008,5,0,0,0,0,0
1718,花蓮縣豐濱鄉,6001020008,10,0,0,0,0,0
1719,花蓮縣豐濱鄉,6001020008,99,0,0,0,0,0
1720,花蓮縣瑞穗鄉,6001020009,1,0,0,0,0,0
1721,花蓮縣瑞穗鄉,6001020009,3,0,0,0,0,0
1722,花蓮縣瑞穗鄉,6001020009,5,0,0,0,0,0
1723,花蓮縣瑞穗鄉,6001020009,10,0,0,0,0,0
1724,花蓮縣瑞穗鄉,6001020009,99,0,0,0,0,0
1725,花蓮縣萬榮鄉,6001020010,1,0,0,0,0,0
1726,花蓮縣萬榮鄉,6001020010,3,0,0,0,0,0
1727,花蓮縣萬榮鄉,6001020010,5,0,0,0,0,0
1728,花蓮縣萬榮鄉,6001020010,10,0,0,0,0,0
1729,花蓮縣萬榮鄉,6001020010,99,0,0,0,0,0
1730,花蓮縣玉里鎮,6001020011,1,0,0,0,0,0
1731,花蓮縣玉里鎮,6001020011,3,0,0,0,0,0
1732,花蓮縣玉里鎮,6001020011,5,0,0,0,0,0
1733,花蓮縣玉里鎮,6001020011,10,0,0,0,0,0
1734,花蓮縣玉里鎮,6001020011,99,0,0,0,0,0
1735,花蓮縣卓溪鄉,6001020012,1,0,0,0,0,0
1736,花蓮縣卓溪鄉,6001020012,3,0,0,0,0,0
1737,花蓮縣卓溪鄉,6001020012,5,0,0,0,0,0
1738,花蓮縣卓溪鄉,6001020012,10,0,0,0,0,0
1739,花蓮縣卓溪鄉,6001020012,99,0,0,0,0,0
1740,花蓮縣富里鄉,6001020013,1,0,0,0,0,0
1741,花蓮縣富里鄉,6001020013,3,0,0,0,0,0
1742,花蓮縣富里鄉,6001020013,5,0,0,0,0,0
1743,花蓮縣富里鄉,6001020013,10,0,0,0,0,0
1744,花蓮縣富里鄉,6001020013,99,0,0,0,0,0
1745,澎湖縣馬公市,6001021001,1,3,2,1,0,0
1746,澎湖縣馬公市,6001021001,3,0,0,0,0,0
1747,澎湖縣馬公市,6001021001,5,0,0,0,0,0
1748,澎湖縣馬公市,6001021001,10,0,0,0,0,0
1749,澎湖縣馬公市,6001021001,99,0,0,0,0,0
1750,澎湖縣西嶼鄉,6001021002,1,0,0,0,0,0
1751,澎湖縣西嶼鄉,6001021002,3,0,0,0,0,0
1752,澎湖縣西嶼鄉,6001021002,5,0,0,0,0,0
1753,澎湖縣西嶼鄉,6001021002,10,0,0,0,0,0
1754,澎湖縣西嶼鄉,6001021002,99,0,0,0,0,0
1755,澎湖縣望安鄉,6001021003,1,0,0,0,0,0
1756,澎湖縣望安鄉,6001021003,3,0,0,0,0,0
1757,澎湖縣望安鄉,6001021003,5,0,0,0,0,0
1758,澎湖縣望安鄉,6001021003,10,0,0,0,0,0
1759,澎湖縣望安鄉,6001021003,99,0,0,0,0,0
1760,澎湖縣七美鄉,6001021004,1,0,0,0,0,0
1761,澎湖縣七美鄉,6001021004,3,0,0,0,0,0
1762,澎湖縣七美鄉,6001021004,5,0,0,0,0,0
1763,澎湖縣七美鄉,6001021004,10,0,0,0,0,0
1764,澎湖縣七美鄉,6001021004,99,0,0,0,0,0
1765,澎湖縣白沙鄉,6001021005,1,0,0,0,0,0
1766,澎湖縣白沙鄉,6001021005,3,0,0,0,0,0
1767,澎湖縣白沙鄉,6001021005,5,0,0,0,0,0
1768,澎湖縣白沙鄉,6001021005,10,0,0,0,0,0
1769,澎湖縣白沙鄉,6001021005,99,0,0,0,0,0
1770,澎湖縣湖西鄉,6001021006,1,0,0,0,0,0
1771,澎湖縣湖西鄉,6001021006,3,0,0,0,0,0
1772,澎湖縣湖西鄉,6001021006,5,0,0,0,0,0
1773,澎湖縣湖西鄉,6001021006,10,0,0,0,0,0
1774,澎湖縣湖西鄉,6001021006,99,0,0,0,0,0
1775,金門縣金沙鎮,6001022001,1,0,0,0,0,0
1776,金門縣金沙鎮,6001022001,3,0,0,0,0,0
1777,金門縣金沙鎮,6001022001,5,0,0,0,0,0
1778,金門縣金沙鎮,6001022001,10,0,0,0,0,0
1779,金門縣金沙鎮,6001022001,99,0,0,0,0,0
1780,金門縣金湖鎮,6001022002,1,0,0,0,0,0
1781,金門縣金湖鎮,6001022002,3,0,0,0,0,0
1782,金門縣金湖鎮,6001022002,5,0,0,0,0,0
1783,金門縣金湖鎮,6001022002,10,0,0,0,0,0
1784,金門縣金湖鎮,6001022002,99,0,0,0,0,0
1785,金門縣金寧鄉,6001022003,1,1,1,0,0,0
1786,金門縣金寧鄉,6001022003,3,0,0,0,0,0
1787,金門縣金寧鄉,6001022003,5,0,0,0,0,0
1788,金門縣金寧鄉,6001022003,10,0,0,0,0,0
1789,金門縣金寧鄉,6001022003,99,0,0,0,0,0
1790,金門縣金城鎮,6001022004,1,2,2,0,0,0
1791,金門縣金城鎮,6001022004,3,0,0,0,0,0
1792,金門縣金城鎮,6001022004,5,0,0,0,0,0
1793,金門縣金城鎮,6001022004,10,0,0,0,0,0
1794,金門縣金城鎮,6001022004,99,0,0,0,0,0
1795,金門縣烈嶼鄉,6001022005,1,0,0,0,0,0
1796,金門縣烈嶼鄉,6001022005,3,0,0,0,0,0
1797,金門縣烈嶼鄉,6001022005,5,0,0,0,0,0
1798,金門縣烈嶼鄉,6001022005,10,0,0,0,0,0
1799,金門縣烈嶼鄉,6001022005,99,0,0,0,0,0
1800,金門縣烏坵鄉,6001022006,1,0,0,0,0,0
1801,金門縣烏坵鄉,6001022006,3,0,0,0,0,0
1802,金門縣烏坵鄉,6001022006,5,0,0,0,0,0
1803,金門縣烏坵鄉,6001022006,10,0,0,0,0,0
1804,金門縣烏坵鄉,6001022006,99,0,0,0,0,0
1805,連江縣南竿鄉,6001023001,1,4,4,0,0,0
1806,連江縣南竿鄉,6001023001,3,0,0,0,0,0
1807,連江縣南竿鄉,6001023001,5,0,0,0,0,0
1808,連江縣南竿鄉,6001023001,10,0,0,0,0,0
1809,連江縣南竿鄉,6001023001,99,0,0,0,0,0
1810,連江縣北竿鄉,6001023002,1,0,0,0,0,0
1811,連江縣北竿鄉,6001023002,3,0,0,0,0,0
1812,連江縣北竿鄉,6001023002,5,0,0,0,0,0
1813,連江縣北竿鄉,6001023002,10,0,0,0,0,0
1814,連江縣北竿鄉,6001023002,99,0,0,0,0,0
1815,連江縣莒光鄉,6001023003,1,0,0,0,0,0
1816,連江縣莒光鄉,6001023003,3,0,0,0,0,0
1817,連江縣莒光鄉,6001023003,5,0,0,0,0,0
1818,連江縣莒光鄉,6001023003,10,0,0,0,0,0
1819,連江縣莒光鄉,6001023003,99,0,0,0,0,0
1820,連江縣東引鄉,6001023004,1,0,0,0,0,0
1821,連江縣東引鄉,6001023004,3,0,0,0,0,0
1822,連江縣東引鄉,6001023004,5,0,0,0,0,0
1823,連江縣東引鄉,6001023004,10,0,0,0,0,0
1824,連江縣東引鄉,6001023004,99,0,0,0,0,0
